$MeshFormat
2.2 0 8
$EndMeshFormat
$PhysicalNames
5
1 1 "bottom"
1 2 "right"
1 3 "top"
1 4 "left"
2 5 "plate"
$EndPhysicalNames
$Nodes
2437
1 0 0 0
2 1 0 0
3 1 0.2 0
4 0 0.2 0
5 0.009999999999981106 0 0
6 0.01999999999996237 0 0
7 0.02999999999994307 0 0
8 0.03999999999992186 0 0
9 0.04999999999989966 0 0
10 0.05999999999987838 0 0
11 0.06999999999986051 0 0
12 0.07999999999984518 0 0
13 0.08999999999982991 0 0
14 0.09999999999981465 0 0
15 0.1099999999997994 0 0
16 0.1199999999997832 0 0
17 0.129999999999761 0 0
18 0.1399999999997328 0 0
19 0.1499999999997036 0 0
20 0.1599999999996745 0 0
21 0.1699999999996454 0 0
22 0.1799999999996162 0 0
23 0.1899999999995871 0 0
24 0.1999999999995579 0 0
25 0.2099999999995288 0 0
26 0.2199999999994996 0 0
27 0.2299999999994705 0 0
28 0.2399999999994413 0 0
29 0.2499999999994122 0 0
30 0.259999999999383 0 0
31 0.2699999999993539 0 0
32 0.2799999999993247 0 0
33 0.2899999999992956 0 0
34 0.2999999999992664 0 0
35 0.3099999999992373 0 0
36 0.3199999999992081 0 0
37 0.329999999999179 0 0
38 0.3399999999991498 0 0
39 0.3499999999991207 0 0
40 0.3599999999990915 0 0
41 0.3699999999990624 0 0
42 0.3799999999990332 0 0
43 0.3899999999990041 0 0
44 0.3999999999989749 0 0
45 0.4099999999989458 0 0
46 0.4199999999989167 0 0
47 0.4299999999988875 0 0
48 0.4399999999988584 0 0
49 0.4499999999988292 0 0
50 0.4599999999988 0 0
51 0.4699999999987708 0 0
52 0.4799999999987418 0 0
53 0.4899999999987126 0 0
54 0.4999999999986943 0 0
55 0.5099999999987098 0 0
56 0.5199999999987361 0 0
57 0.5299999999987626 0 0
58 0.5399999999987888 0 0
59 0.5499999999988152 0 0
60 0.5599999999988415 0 0
61 0.5699999999988679 0 0
62 0.5799999999988942 0 0
63 0.5899999999989205 0 0
64 0.5999999999989468 0 0
65 0.6099999999989731 0 0
66 0.6199999999989995 0 0
67 0.6299999999990258 0 0
68 0.6399999999990521 0 0
69 0.6499999999990784 0 0
70 0.6599999999991049 0 0
71 0.6699999999991312 0 0
72 0.6799999999991574 0 0
73 0.6899999999991837 0 0
74 0.6999999999992101 0 0
75 0.7099999999992365 0 0
76 0.7199999999992628 0 0
77 0.7299999999992892 0 0
78 0.7399999999993154 0 0
79 0.7499999999993417 0 0
80 0.7599999999993681 0 0
81 0.7699999999993945 0 0
82 0.7799999999994207 0 0
83 0.789999999999447 0 0
84 0.7999999999994734 0 0
85 0.8099999999994998 0 0
86 0.8199999999995261 0 0
87 0.8299999999995523 0 0
88 0.8399999999995788 0 0
89 0.8499999999996051 0 0
90 0.8599999999996314 0 0
91 0.8699999999996577 0 0
92 0.8799999999996841 0 0
93 0.8899999999997104 0 0
94 0.8999999999997367 0 0
95 0.9099999999997631 0 0
96 0.9199999999997894 0 0
97 0.9299999999998156 0 0
98 0.939999999999842 0 0
99 0.9499999999998684 0 0
100 0.9599999999998947 0 0
101 0.969999999999921 0 0
102 0.9799999999999475 0 0
103 0.9899999999999737 0 0
104 1 0.009999999999980604 0
105 1 0.01999999999996497 0
106 1 0.02999999999994343 0
107 1 0.03999999999991202 0
108 1 0.0499999999998833 0
109 1 0.05999999999985457 0
110 1 0.06999999999982585 0
111 1 0.07999999999979172 0
112 1 0.08999999999976299 0
113 1 0.09999999999973699 0
114 1 0.1099999999997603 0
115 1 0.1199999999997885 0
116 1 0.1299999999998173 0
117 1 0.1399999999998395 0
118 1 0.1499999999998671 0
119 1 0.1599999999998948 0
120 1 0.169999999999917 0
121 1 0.1799999999999457 0
122 1 0.1899999999999756 0
123 0.9899999999999584 0.2 0
124 0.9799999999999167 0.2 0
125 0.9699999999998751 0.2 0
126 0.9599999999998334 0.2 0
127 0.9499999999997918 0.2 0
128 0.9399999999997501 0.2 0
129 0.9299999999997085 0.2 0
130 0.9199999999996669 0.2 0
131 0.9099999999996251 0.2 0
132 0.8999999999995835 0.2 0
133 0.8899999999995418 0.2 0
134 0.879999999999508 0.2 0
135 0.8699999999995218 0.2 0
136 0.8599999999995834 0.2 0
137 0.8499999999996528 0.2 0
138 0.8399999999997222 0.2 0
139 0.8299999999997916 0.2 0
140 0.819999999999861 0.2 0
141 0.8099999999999303 0.2 0
142 0.7999999999999997 0.2 0
143 0.7900000000000691 0.2 0
144 0.7800000000001385 0.2 0
145 0.7700000000002079 0.2 0
146 0.7600000000002772 0.2 0
147 0.7500000000003466 0.2 0
148 0.7400000000004161 0.2 0
149 0.7300000000004854 0.2 0
150 0.7200000000005549 0.2 0
151 0.7100000000006242 0.2 0
152 0.7000000000006936 0.2 0
153 0.690000000000763 0.2 0
154 0.6800000000008324 0.2 0
155 0.6700000000009018 0.2 0
156 0.660000000000971 0.2 0
157 0.6500000000010404 0.2 0
158 0.6400000000011098 0.2 0
159 0.6300000000011791 0.2 0
160 0.6200000000012484 0.2 0
161 0.6100000000013178 0.2 0
162 0.6000000000013872 0.2 0
163 0.5900000000014565 0.2 0
164 0.5800000000015259 0.2 0
165 0.5700000000015952 0.2 0
166 0.5600000000016645 0.2 0
167 0.5500000000017339 0.2 0
168 0.5400000000018033 0.2 0
169 0.5300000000018725 0.2 0
170 0.5200000000019419 0.2 0
171 0.5100000000020113 0.2 0
172 0.500000000002059 0.2 0
173 0.490000000002039 0.2 0
174 0.4800000000019974 0.2 0
175 0.4700000000019557 0.2 0
176 0.4600000000019141 0.2 0
177 0.4500000000018726 0.2 0
178 0.4400000000018309 0.2 0
179 0.4300000000017893 0.2 0
180 0.4200000000017478 0.2 0
181 0.4100000000017061 0.2 0
182 0.4000000000016645 0.2 0
183 0.3900000000016228 0.2 0
184 0.3800000000015813 0.2 0
185 0.3700000000015397 0.2 0
186 0.360000000001498 0.2 0
187 0.3500000000014565 0.2 0
188 0.3400000000014148 0.2 0
189 0.3300000000013732 0.2 0
190 0.3200000000013316 0.2 0
191 0.3100000000012899 0.2 0
192 0.3000000000012484 0.2 0
193 0.2900000000012067 0.2 0
194 0.2800000000011651 0.2 0
195 0.2700000000011236 0.2 0
196 0.2600000000010819 0.2 0
197 0.2500000000010403 0.2 0
198 0.2400000000009987 0.2 0
199 0.2300000000009571 0.2 0
200 0.2200000000009155 0.2 0
201 0.2100000000008738 0.2 0
202 0.2000000000008322 0.2 0
203 0.1900000000007906 0.2 0
204 0.180000000000749 0.2 0
205 0.1700000000007074 0.2 0
206 0.1600000000006658 0.2 0
207 0.1500000000006242 0.2 0
208 0.1400000000005825 0.2 0
209 0.130000000000541 0.2 0
210 0.1200000000004994 0.2 0
211 0.1100000000004577 0.2 0
212 0.1000000000004161 0.2 0
213 0.09000000000037445 0.2 0
214 0.08000000000033292 0.2 0
215 0.07000000000029127 0.2 0
216 0.06000000000024963 0.2 0
217 0.0500000000002081 0.2 0
218 0.04000000000016646 0.2 0
219 0.03000000000012482 0.2 0
220 0.02000000000008328 0.2 0
221 0.01000000000004164 0.2 0
222 0 0.1900000000000276 0
223 0 0.1800000000000456 0
224 0 0.1700000000000721 0
225 0 0.1600000000000998 0
226 0 0.1500000000001329 0
227 0 0.1400000000001659 0
228 0 0.1300000000001936 0
229 0 0.1200000000002212 0
230 0 0.1100000000002489 0
231 0 0.1000000000002738 0
232 0 0.09000000000024944 0
233 0 0.08000000000022017 0
234 0 0.07000000000019467 0
235 0 0.06000000000016675 0
236 0 0.05000000000013827 0
237 0 0.04000000000010982 0
238 0 0.03000000000008272 0
239 0 0.02000000000005546 0
240 0 0.01000000000002781 0
241 0.8549999999996183 0.1913397459622157 0
242 0.8050000000002401 0.1913397459630092 0
243 0.7550000000003119 0.1913397459622158 0
244 0.7050000000008337 0.1913397459626053 0
245 0.655000000001168 0.1913397459625857 0
246 0.6050000000013522 0.1913397459622464 0
247 0.5550000000017963 0.1913397459623163 0
248 0.5050000000020345 0.1913397459621907 0
249 0.1449999999997182 0.008660254037819131 0
250 0.1949999999995724 0.008660254037819131 0
251 0.2449999999994267 0.008660254037819131 0
252 0.294999999999281 0.008660254037819106 0
253 0.3449999999991352 0.008660254037819106 0
254 0.3949999999989895 0.008660254037819106 0
255 0.4449999999988438 0.008660254037819106 0
256 0.8949999999997229 0.008660254037866612 0
257 0.1050000000005793 0.1913397459617446 0
258 0.5345995642661701 0.008382027519376011 0
259 0.5849999999989103 0.00866025403786818 0
260 0.6354399451946935 0.008928999959671027 0
261 0.6849999999991676 0.008660254037867505 0
262 0.7349999999993004 0.008660254037870964 0
263 0.7849999999994381 0.008660254037873868 0
264 0.4150000000017299 0.1913397459621188 0
265 0.3650000000015203 0.1913397459621198 0
266 0.8349999999995616 0.008660254037869346 0
267 0.3150000000013128 0.1913397459621198 0
268 0.2650000000011046 0.1913397459621198 0
269 0.2150000000008983 0.1913397459621185 0
270 0.1650000000006885 0.1913397459621199 0
271 0.4650000000021035 0.1913397459621555 0
272 0.8949999999997864 0.1913397459625353 0
273 0.4949999999987038 0.008660254037831196 0
274 0.104999999999807 0.008660254037830746 0
275 0.009550101264925439 0.09558704072105861 0
276 0.9932015160616994 0.104690052834135 0
277 0.0650000000006416 0.19133974596157 0
278 0.9354328976005135 0.008980103731254512 0
279 0.06499999999986944 0.008660254037827433 0
280 0.935000000000523 0.1913397459627858 0
281 0.9904918221644484 0.06345880239376873 0
282 0.007553571085781504 0.1348889738698077 0
283 0.992556558855954 0.1348065248385338 0
284 0.009508177837877193 0.06345880239250169 0
285 0.8649999999996494 0.00866025403788 0
286 0.1350000000005641 0.1913397459621187 0
287 0.03500000000092118 0.191339745960835 0
288 0.9645995642672378 0.008382027519558449 0
289 0.007966030167520779 0.03441524506443961 0
290 0.9650000000007674 0.1913397459626449 0
291 0.9911145697930384 0.1650920199909044 0
292 0.9920339698337843 0.03441524506539595 0
293 0.03499999999993247 0.008660254037825589 0
294 0.00888543020552323 0.1650920199900532 0
295 0.4850000000020336 0.1913397459621431 0
296 0.5149999999987228 0.008660254037862494 0
297 0.4450000000018586 0.1913397459621204 0
298 0.8749999999995141 0.1913397459621883 0
299 0.9150000000002906 0.1913397459624151 0
300 0.08500000000050247 0.191339745961959 0
301 0.764999999999383 0.008660254037864926 0
302 0.8149999999995124 0.008660254037867327 0
303 0.6145995642663757 0.00838202751941465 0
304 0.7049999999992217 0.008660254037867375 0
305 0.9145995642671032 0.008382027519528911 0
306 0.5554328975995954 0.008980103730820655 0
307 0.6649999999991204 0.008660254037866624 0
308 0.385000000001636 0.1913397459621383 0
309 0.1850000000008526 0.1913397459620895 0
310 0.2450000000010213 0.1913397459621193 0
311 0.3350000000014124 0.1913397459621296 0
312 0.2850000000011887 0.1913397459621207 0
313 0.08499999999983754 0.008660254037831137 0
314 0.4754399451944258 0.008928999959412872 0
315 0.1249999999997721 0.008660254037822579 0
316 0.2149999999995142 0.008660254037819131 0
317 0.364999999999077 0.008660254037819106 0
318 0.4149999999989311 0.008660254037819131 0
319 0.2749999999993394 0.008660254037819155 0
320 0.3149999999992228 0.008660254037819155 0
321 0.009191010497809829 0.1144154919923364 0
322 0.1649999999996599 0.008660254037819131 0
323 0.535000000001951 0.1913397459622641 0
324 0.6250000000013273 0.1913397459624465 0
325 0.834999999999765 0.1913397459628285 0
326 0.7750000000004122 0.1913397459627742 0
327 0.685000000000817 0.1913397459625243 0
328 0.7350000000004702 0.1913397459626068 0
329 0.585000000001519 0.191339745962333 0
330 0.9910263343028278 0.08450859523327736 0
331 0.01538675134541936 0.1915630369554733 0
332 0.9856055729259534 0.008289926863345173 0
333 0.008481639999533233 0.01498371365351788 0
334 0.984613248654267 0.1915630369563619 0
335 0.4950000000020647 0.1913397459621664 0
336 0.5000000000020913 0.1826794919243663 0
337 0.5100000000021382 0.1826794919244188 0
338 0.5050000000021704 0.1740192378865922 0
339 0.4950000000021579 0.1740192378865341 0
340 0.5000000000021916 0.1653589838487508 0
341 0.4900000000022189 0.165358983848696 0
342 0.4950000000022481 0.1566987298109069 0
343 0.4850000000022776 0.1566987298108523 0
344 0.4900000000023089 0.1480384757730582 0
345 0.4800000000023348 0.1480384757730049 0
346 0.5000000000022911 0.1480384757731147 0
347 0.4850000000023686 0.1393782217352084 0
348 0.4750000000023923 0.1393782217351547 0
349 0.4800000000024268 0.1307179676973582 0
350 0.4700000000024492 0.1307179676973033 0
351 0.4750000000024847 0.1220577136595064 0
352 0.465000000002507 0.122057713659451 0
353 0.4700000000025424 0.1133974596216531 0
354 0.460000000002565 0.1133974596215986 0
355 0.480000000002521 0.1133974596217122 0
356 0.4650000000026003 0.1047372055838008 0
357 0.4550000000026225 0.1047372055837464 0
358 0.4500000000025861 0.1133974596215457 0
359 0.4450000000026422 0.1047372055836902 0
360 0.4400000000026392 0.1133974596214725 0
361 0.4350000000026639 0.1047372055836302 0
362 0.4300000000026596 0.113397459621416 0
363 0.4250000000026772 0.1047372055835739 0
364 0.4200000000026354 0.1133974596213425 0
365 0.4150000000026798 0.104737205583515 0
366 0.4100000000026345 0.1133974596213119 0
367 0.4050000000025927 0.1047372055834308 0
368 0.4000000000026224 0.1133974596212325 0
369 0.395000000002532 0.104737205583328 0
370 0.3900000000026106 0.1133974596211684 0
371 0.3850000000026101 0.1047372055832958 0
372 0.3800000000026209 0.1133974596211169 0
373 0.3750000000026849 0.1047372055833039 0
374 0.3700000000026334 0.1133974596210754 0
375 0.3650000000026801 0.1047372055832283 0
376 0.3600000000026332 0.1133974596210463 0
377 0.355000000002678 0.1047372055831855 0
378 0.3500000000026289 0.1133974596209727 0
379 0.3450000000026733 0.1047372055831257 0
380 0.3400000000026238 0.1133974596209171 0
381 0.3350000000026678 0.1047372055830698 0
382 0.3300000000026181 0.1133974596208625 0
383 0.3250000000026603 0.1047372055830151 0
384 0.3200000000026115 0.1133974596208098 0
385 0.3150000000026525 0.1047372055829578 0
386 0.3100000000026049 0.1133974596207783 0
387 0.3050000000026471 0.1047372055829117 0
388 0.3000000000025974 0.1133974596207068 0
389 0.2950000000026397 0.1047372055828576 0
390 0.2900000000025896 0.1133974596206528 0
391 0.2850000000026319 0.1047372055828032 0
392 0.2800000000025817 0.1133974596205986 0
393 0.2750000000026243 0.1047372055827495 0
394 0.2700000000025736 0.1133974596205464 0
395 0.265000000002616 0.1047372055826955 0
396 0.2600000000025652 0.1133974596204926 0
397 0.2550000000026086 0.1047372055826416 0
398 0.2500000000025567 0.1133974596204401 0
399 0.2450000000026002 0.1047372055825875 0
400 0.240000000002548 0.113397459620403 0
401 0.2350000000025907 0.1047372055825358 0
402 0.2300000000025391 0.1133974596203357 0
403 0.2250000000025821 0.1047372055824797 0
404 0.2200000000025301 0.1133974596202819 0
405 0.2150000000025731 0.1047372055824252 0
406 0.2100000000025211 0.1133974596202423 0
407 0.2050000000025643 0.1047372055823733 0
408 0.2000000000025121 0.113397459620177 0
409 0.1950000000025552 0.1047372055823175 0
410 0.1900000000025028 0.1133974596201228 0
411 0.1850000000025452 0.1047372055822626 0
412 0.1800000000024933 0.1133974596200811 0
413 0.1750000000025345 0.1047372055822093 0
414 0.1700000000024831 0.1133974596200171 0
415 0.165000000002523 0.1047372055821524 0
416 0.1600000000024722 0.1133974596199798 0
417 0.1550000000025128 0.1047372055821009 0
418 0.1500000000024614 0.1133974596199296 0
419 0.1450000000025029 0.1047372055820484 0
420 0.1400000000024498 0.1133974596198607 0
421 0.1350000000024906 0.1047372055819916 0
422 0.1300000000024376 0.113397459619801 0
423 0.1250000000024795 0.1047372055819354 0
424 0.1200000000024253 0.113397459619761 0
425 0.115000000002467 0.1047372055818831 0
426 0.1100000000024125 0.1133974596196991 0
427 0.1050000000024526 0.10473720558183 0
428 0.1000000000023983 0.1133974596196411 0
429 0.09500000000244309 0.1047372055817754 0
430 0.4600000000026583 0.0960769515459486 0
431 0.4300000000027143 0.09607695154576967 0
432 0.3800000000026224 0.09607695154538512 0
433 0.3300000000027057 0.09607695154519108 0
434 0.2600000000026594 0.09607695154482429 0
435 0.2300000000026331 0.09607695154466078 0
436 0.1800000000025852 0.09607695154438614 0
437 0.3000000000026853 0.09607695154503509 0
438 0.1500000000025545 0.09607695154422206 0
439 0.110000000002508 0.09607695154400381 0
440 0.0900000000023892 0.1133974596195971 0
441 0.08500000000243509 0.1047372055817245 0
442 0.08000000000238544 0.1133974596195464 0
443 0.07500000000243084 0.1047372055816731 0
444 0.08000000000247946 0.09607695154385346 0
445 0.1150000000023787 0.1220577136575547 0
446 0.1450000000024183 0.1220577136577147 0
447 0.1950000000025209 0.1220577136579502 0
448 0.2250000000025644 0.1220577136581039 0
449 0.2950000000026612 0.1220577136584655 0
450 0.3450000000027243 0.1220577136587257 0
451 0.2550000000026073 0.1220577136582613 0
452 0.3950000000027551 0.1220577136589799 0
453 0.4250000000028149 0.1220577136591642 0
454 0.08500000000233633 0.1220577136574206 0
455 0.07500000000233373 0.1220577136573679 0
456 0.07000000000247858 0.09607695154380116 0
457 0.07500000000252478 0.0874166975059836 0
458 0.06500000000252658 0.08741669750593357 0
459 0.07000000000257209 0.07875644346811476 0
460 0.08000000000228748 0.1307179676952444 0
461 0.07000000000228243 0.1307179676951902 0
462 0.4650000000024135 0.1393782217351019 0
463 0.06000000000247874 0.09607695154375209 0
464 0.06000000000257361 0.07875644346807376 0
465 0.06500000000262099 0.07009618943025048 0
466 0.07500000000261534 0.07009618943030067 0
467 0.07500000000223803 0.1393782217330634 0
468 0.06500000000223086 0.139378221733011 0
469 0.07000000000266357 0.06143593539243573 0
470 0.08000000000265814 0.06143593539248689 0
471 0.06000000000266353 0.06143593539239212 0
472 0.06000000000227658 0.1307179676951359 0
473 0.05500000000222642 0.1393782217329537 0
474 0.08500000000226625 0.1393782217331038 0
475 0.07500000000269665 0.05277568135462161 0
476 0.08500000000269381 0.05277568135467254 0
477 0.05000000000227416 0.1307179676950817 0
478 0.07000000000219445 0.1480384757708759 0
479 0.510000000002243 0.165358983848808 0
480 0.2800000000026748 0.0960769515449322 0
481 0.2100000000026161 0.09607695154455179 0
482 0.1300000000025334 0.09607695154411211 0
483 0.3500000000027199 0.09607695154530696 0
484 0.410000000002532 0.09607695154560236 0
485 0.4900000000024115 0.1307179676974157 0
486 0.4700000000026364 0.09607695154600288 0
487 0.4650000000026939 0.08741669750814998 0
488 0.4750000000026727 0.08741669750820413 0
489 0.4700000000027305 0.07875644347034998 0
490 0.4800000000027112 0.07875644347040414 0
491 0.475000000002767 0.07009618943254907 0
492 0.4850000000027499 0.07009618943260271 0
493 0.4900000000026957 0.07875644347046003 0
494 0.4950000000027368 0.0700961894326556 0
495 0.5000000000026847 0.07875644347051634 0
496 0.5050000000027256 0.07009618943270869 0
497 0.5100000000026743 0.07875644347057081 0
498 0.5150000000027151 0.07009618943276233 0
499 0.5200000000026628 0.0787564434706263 0
500 0.525000000002705 0.07009618943281648 0
501 0.5300000000026535 0.0787564434706792 0
502 0.5350000000026952 0.07009618943287042 0
503 0.5400000000026427 0.07875644347073327 0
504 0.545000000002686 0.07009618943292441 0
505 0.5500000000026326 0.0787564434707877 0
506 0.5450000000025894 0.08741669750859471 0
507 0.5550000000025777 0.08741669750864858 0
508 0.5600000000026241 0.07875644347084522 0
509 0.5650000000025643 0.08741669750870551 0
510 0.5600000000025233 0.09607695154650639 0
511 0.5700000000025056 0.09607695154656259 0
512 0.5750000000025475 0.08741669750876165 0
513 0.5800000000024887 0.09607695154662324 0
514 0.5850000000025295 0.08741669750882156 0
515 0.5900000000024721 0.09607695154668089 0
516 0.595000000002512 0.08741669750887933 0
517 0.6000000000024543 0.09607695154673498 0
518 0.6050000000024943 0.08741669750893794 0
519 0.6100000000024368 0.09607695154679276 0
520 0.6150000000024767 0.08741669750899567 0
521 0.6200000000024188 0.09607695154684906 0
522 0.6250000000024589 0.08741669750905523 0
523 0.6300000000024011 0.09607695154690651 0
524 0.6350000000024409 0.08741669750910916 0
525 0.6400000000023816 0.09607695154696479 0
526 0.6450000000024227 0.08741669750917019 0
527 0.6500000000023609 0.09607695154702596 0
528 0.6550000000024045 0.08741669750923203 0
529 0.6600000000023439 0.09607695154708232 0
530 0.6650000000023868 0.08741669750928943 0
531 0.6700000000023292 0.0960769515471343 0
532 0.6750000000023697 0.08741669750934418 0
533 0.6800000000023126 0.0960769515471912 0
534 0.6850000000023522 0.08741669750940047 0
535 0.6900000000022956 0.09607695154724777 0
536 0.695000000002335 0.08741669750945537 0
537 0.7000000000022762 0.09607695154730406 0
538 0.7050000000023171 0.08741669750950651 0
539 0.7100000000022586 0.09607695154735946 0
540 0.7150000000022991 0.08741669750956661 0
541 0.7200000000022402 0.09607695154741908 0
542 0.7250000000022814 0.08741669750962236 0
543 0.7300000000022198 0.09607695154748158 0
544 0.7350000000022634 0.08741669750967784 0
545 0.7400000000022064 0.09607695154752699 0
546 0.7450000000022459 0.08741669750973302 0
547 0.7500000000021905 0.0960769515475834 0
548 0.7550000000022289 0.08741669750978723 0
549 0.7600000000021729 0.09607695154763997 0
550 0.7650000000022115 0.08741669750984028 0
551 0.7700000000021527 0.09607695154769733 0
552 0.7750000000021938 0.0874166975099004 0
553 0.7800000000021347 0.09607695154775506 0
554 0.7850000000021762 0.08741669750995558 0
555 0.7900000000021162 0.09607695154781509 0
556 0.7950000000021588 0.08741669751001344 0
557 0.8000000000020961 0.09607695154787861 0
558 0.8050000000021409 0.08741669751007147 0
559 0.8100000000020822 0.09607695154792885 0
560 0.8150000000021244 0.08741669751012822 0
561 0.8200000000020666 0.09607695154798608 0
562 0.8250000000021098 0.08741669751018429 0
563 0.8300000000020544 0.09607695154804681 0
564 0.835000000002099 0.08741669751024081 0
565 0.8400000000020462 0.09607695154810932 0
566 0.8450000000020939 0.08741669751029718 0
567 0.8500000000020436 0.09607695154816932 0
568 0.8550000000020922 0.08741669751035383 0
569 0.8600000000020455 0.09607695154822929 0
570 0.8650000000020955 0.08741669751041015 0
571 0.8700000000020039 0.09607695154826074 0
572 0.8750000000020967 0.08741669751046002 0
573 0.8800000000020042 0.09607695154831304 0
574 0.8850000000021044 0.08741669751051437 0
575 0.8900000000020595 0.09607695154834202 0
576 0.8950000000021221 0.08741669751056665 0
577 0.9000000000020785 0.09607695154839188 0
578 0.9050000000021341 0.0874166975106227 0
579 0.9100000000020888 0.09607695154849973 0
580 0.5650000000024658 0.1047372055843614 0
581 0.6350000000023388 0.104737205584764 0
582 0.6650000000022869 0.104737205584942 0
583 0.5950000000024214 0.1047372055845416 0
584 0.7150000000021945 0.1047372055852187 0
585 0.7850000000020698 0.1047372055856153 0
586 0.8150000000020261 0.1047372055857914 0
587 0.7450000000021545 0.1047372055853875 0
588 0.8450000000019929 0.1047372055859828 0
589 0.8850000000017497 0.1047372055860867 0
590 0.9150000000021411 0.08741669751068909 0
591 0.4650000000027866 0.07009618943249575 0
592 0.9200000000020931 0.09607695154856523 0
593 0.9150000000020448 0.1047372055863887 0
594 0.9250000000020522 0.1047372055864403 0
595 0.9200000000019978 0.1133974596242659 0
596 0.8800000000021515 0.07875644347264198 0
597 0.850000000002137 0.07875644347247809 0
598 0.8000000000021856 0.07875644347220349 0
599 0.7500000000022333 0.07875644347191252 0
600 0.7200000000022908 0.07875644347174859 0
601 0.6500000000024604 0.07875644347141586 0
602 0.6000000000025787 0.07875644347107963 0
603 0.9250000000021431 0.08741669751074788 0
604 0.9200000000021926 0.07875644347287457 0
605 0.6900000000023514 0.07875644347158059 0
606 0.9300000000020092 0.1133974596243184 0
607 0.9250000000019518 0.1220577136621455 0
608 0.9300000000021942 0.07875644347293252 0
609 0.9250000000022435 0.07009618943505833 0
610 0.9350000000022517 0.07009618943511177 0
611 0.9350000000019597 0.1220577136622016 0
612 0.9300000000019063 0.1307179677000267 0
613 0.9200000000018954 0.1307179676999708 0
614 0.9400000000019231 0.1307179677000823 0
615 0.5150000000026199 0.08741669750843462 0
616 0.9400000000022281 0.07875644347298101 0
617 0.9250000000018515 0.1393782217378544 0
618 0.915000000001837 0.1393782217377959 0
619 0.9300000000022972 0.06143593539723854 0
620 0.9200000000022914 0.06143593539718227 0
621 0.9400000000023034 0.06143593539729487 0
622 0.540000000002737 0.0614359353950595 0
623 0.5000000000027763 0.06143593539484808 0
624 0.4700000000028219 0.06143593539469415 0
625 0.4600000000028417 0.06143593539464168 0
626 0.9400000000020454 0.1133974596243758 0
627 0.9250000000023455 0.05277568135936035 0
628 0.9150000000023367 0.05277568135930433 0
629 0.4650000000028765 0.05277568135684061 0
630 0.455000000002897 0.05277568135678816 0
631 0.6950000000022374 0.1047372055851009 0
632 0.61500000000238 0.1047372055846478 0
633 0.765000000002094 0.1047372055854805 0
634 0.8650000000019523 0.104737205586084 0
635 0.5550000000024872 0.1047372055843063 0
636 0.56000000000243 0.1133974596221582 0
637 0.550000000002455 0.1133974596221027 0
638 0.5550000000023927 0.1220577136599511 0
639 0.5450000000024183 0.1220577136598975 0
640 0.5500000000023602 0.1307179676977427 0
641 0.5600000000023264 0.1307179676977976 0
642 0.5550000000022978 0.1393782217355836 0
643 0.5650000000022588 0.1393782217356394 0
644 0.545000000002322 0.1393782217355353 0
645 0.5500000000027327 0.06143593539511402 0
646 0.5450000000027798 0.05277568135724442 0
647 0.555000000002781 0.05277568135729957 0
648 0.09000000000265114 0.06143593539253914 0
649 0.09500000000269349 0.0527756813547263 0
650 0.7800000000022069 0.07875644347208605 0
651 0.5200000000027553 0.06143593539495393 0
652 0.4750000000023009 0.1566987298108024 0
653 0.1650000000024653 0.1220577136578072 0
654 0.3750000000027485 0.1220577136588785 0
655 0.580000000002602 0.07875644347096181 0
656 0.3250000000026997 0.122057713658622 0
657 0.275000000002632 0.1220577136583638 0
658 0.6200000000025558 0.07875644347119824 0
659 0.8300000000021528 0.07875644347237568 0
660 0.6700000000023951 0.07875644347146929 0
661 0.4500000000028615 0.06143593539458917 0
662 0.4450000000029164 0.05277568135673601 0
663 0.1000000000026468 0.06143593539259225 0
664 0.1050000000026893 0.05277568135477932 0
665 0.1100000000026415 0.06143593539264153 0
666 0.1150000000026854 0.05277568135483209 0
667 0.1200000000026361 0.06143593539269361 0
668 0.1250000000026799 0.05277568135488508 0
669 0.1300000000026302 0.06143593539274442 0
670 0.1350000000026727 0.05277568135493804 0
671 0.1400000000026235 0.06143593539279679 0
672 0.1450000000026659 0.05277568135499118 0
673 0.1500000000026165 0.06143593539284853 0
674 0.1550000000026607 0.05277568135504357 0
675 0.1600000000026094 0.061435935392901 0
676 0.1650000000026511 0.05277568135509738 0
677 0.1700000000026013 0.06143593539295261 0
678 0.1750000000026439 0.05277568135514969 0
679 0.1800000000025933 0.06143593539300964 0
680 0.1850000000026349 0.05277568135520337 0
681 0.1900000000025849 0.06143593539305815 0
682 0.1950000000026261 0.05277568135525561 0
683 0.2000000000025763 0.06143593539310797 0
684 0.2050000000026165 0.05277568135530634 0
685 0.2100000000025676 0.06143593539316658 0
686 0.2150000000026059 0.05277568135535937 0
687 0.2200000000025583 0.06143593539321358 0
688 0.2250000000025966 0.05277568135541151 0
689 0.2300000000025492 0.06143593539326431 0
690 0.2350000000025904 0.05277568135546559 0
691 0.2400000000025405 0.06143593539331695 0
692 0.2450000000025814 0.05277568135551864 0
693 0.4400000000028809 0.0614359353945373 0
694 0.435000000002935 0.05277568135668329 0
695 0.2500000000025314 0.06143593539336774 0
696 0.2550000000025722 0.05277568135557119 0
697 0.2600000000025223 0.06143593539342865 0
698 0.2650000000025641 0.05277568135562564 0
699 0.270000000002513 0.06143593539347422 0
700 0.2750000000025548 0.05277568135567758 0
701 0.2800000000025036 0.06143593539352465 0
702 0.2850000000025441 0.05277568135572965 0
703 0.4300000000029103 0.06143593539447954 0
704 0.4250000000029559 0.05277568135663058 0
705 0.2900000000024938 0.06143593539357693 0
706 0.2950000000025342 0.05277568135578239 0
707 0.3000000000024839 0.06143593539362833 0
708 0.3050000000025236 0.05277568135583408 0
709 0.3100000000024737 0.06143593539368084 0
710 0.315000000002515 0.0527756813558917 0
711 0.3200000000024638 0.06143593539372945 0
712 0.3250000000025022 0.05277568135593938 0
713 0.3300000000024534 0.0614359353937949 0
714 0.3350000000024933 0.05277568135599573 0
715 0.3400000000024426 0.06143593539383768 0
716 0.3450000000024828 0.05277568135604794 0
717 0.3500000000024313 0.06143593539388743 0
718 0.3550000000024738 0.05277568135610079 0
719 0.3600000000024204 0.06143593539393986 0
720 0.3650000000024634 0.05277568135615427 0
721 0.370000000002409 0.06143593539399234 0
722 0.3750000000024495 0.05277568135620751 0
723 0.3800000000023961 0.06143593539404482 0
724 0.3850000000024609 0.05277568135624534 0
725 0.3900000000024131 0.06143593539410173 0
726 0.5600000000022325 0.1480384757734215 0
727 0.5700000000021892 0.1480384757734776 0
728 0.5750000000022184 0.1393782217356975 0
729 0.5800000000021448 0.1480384757735344 0
730 0.5850000000021767 0.1393782217357547 0
731 0.5900000000021035 0.1480384757735904 0
732 0.5950000000021342 0.1393782217358152 0
733 0.6000000000020644 0.1480384757736475 0
734 0.6050000000020924 0.1393782217358728 0
735 0.6100000000020224 0.1480384757737046 0
736 0.6150000000020504 0.1393782217359307 0
737 0.6200000000019796 0.1480384757737617 0
738 0.6250000000020081 0.1393782217359875 0
739 0.6300000000019377 0.1480384757738179 0
740 0.6350000000019653 0.1393782217360462 0
741 0.6400000000018938 0.1480384757738766 0
742 0.6450000000019225 0.1393782217361033 0
743 0.6500000000018474 0.148038475773936 0
744 0.6550000000018793 0.1393782217361636 0
745 0.6600000000018058 0.1480384757739915 0
746 0.6650000000018376 0.1393782217362137 0
747 0.6700000000017692 0.1480384757740437 0
748 0.6750000000017954 0.1393782217362759 0
749 0.6800000000017283 0.1480384757740994 0
750 0.6850000000017531 0.1393782217363342 0
751 0.6900000000016845 0.1480384757741554 0
752 0.6950000000017104 0.1393782217363819 0
753 0.7000000000016418 0.14803847577421 0
754 0.7050000000016681 0.1393782217364453 0
755 0.7100000000015994 0.1480384757742666 0
756 0.7150000000016253 0.139378221736504 0
757 0.7200000000015545 0.1480384757743234 0
758 0.725000000001582 0.1393782217365594 0
759 0.7300000000015142 0.1480384757743738 0
760 0.7350000000015398 0.1393782217366186 0
761 0.7400000000014688 0.1480384757744333 0
762 0.7450000000014975 0.1393782217366603 0
763 0.7500000000014304 0.1480384757744848 0
764 0.7550000000014554 0.1393782217367282 0
765 0.7600000000013886 0.1480384757745415 0
766 0.7650000000014137 0.1393782217367614 0
767 0.7700000000013447 0.1480384757745987 0
768 0.7750000000013718 0.1393782217368139 0
769 0.7800000000013014 0.1480384757746548 0
770 0.7850000000013289 0.1393782217368967 0
771 0.7900000000012589 0.1480384757747059 0
772 0.7950000000012862 0.1393782217369559 0
773 0.8000000000012359 0.1480384757748046 0
774 0.8050000000012483 0.1393782217370238 0
775 0.8100000000011869 0.1480384757748521 0
776 0.8150000000012052 0.1393782217370553 0
777 0.8200000000011434 0.1480384757748946 0
778 0.8250000000011677 0.1393782217371291 0
779 0.8300000000011067 0.1480384757749709 0
780 0.8350000000011312 0.1393782217371948 0
781 0.8400000000010677 0.1480384757750202 0
782 0.8450000000010962 0.1393782217371966 0
783 0.8500000000010355 0.1480384757750595 0
784 0.8550000000010716 0.1393782217372929 0
785 0.860000000001013 0.1480384757751241 0
786 0.8650000000010547 0.1393782217373115 0
787 0.8700000000010006 0.1480384757751718 0
788 0.8750000000010467 0.1393782217373576 0
789 0.8800000000009969 0.1480384757752292 0
790 0.920000000001794 0.1480384757756831 0
791 0.9300000000018114 0.1480384757757406 0
792 0.04500000000222493 0.1393782217328973 0
793 0.05000000000217482 0.1480384757707692 0
794 0.4600000000029324 0.0441154273189877 0
795 0.4700000000029112 0.04411542731903998 0
796 0.380000000002493 0.04411542731840365 0
797 0.3900000000026025 0.0441154273184686 0
798 0.4300000000029894 0.04411542731882934 0
799 0.3300000000025409 0.04411542731813493 0
800 0.2600000000026139 0.04411542731776522 0
801 0.2300000000026379 0.04411542731760494 0
802 0.1800000000026852 0.0441154273173414 0
803 0.5400000000024809 0.1133974596220498 0
804 0.5350000000024435 0.1220577136598458 0
805 0.5650000000021622 0.1566987298112562 0
806 0.5550000000022093 0.1566987298112019 0
807 0.9100000000016283 0.1307179676998489 0
808 0.6350000000018645 0.1566987298116529 0
809 0.6650000000017386 0.1566987298118272 0
810 0.7150000000015272 0.1566987298120984 0
811 0.5950000000020297 0.1566987298114241 0
812 0.6150000000019511 0.1566987298115391 0
813 0.7850000000012693 0.1566987298125374 0
814 0.8150000000011269 0.1566987298127104 0
815 0.6950000000016174 0.1566987298119863 0
816 0.7450000000014159 0.1566987298122754 0
817 0.7650000000013364 0.156698729812387 0
818 0.8450000000010017 0.1566987298128811 0
819 0.8650000000009529 0.1566987298129981 0
820 0.9250000000017539 0.1566987298135725 0
821 0.9350000000017737 0.156698729813631 0
822 0.9150000000017343 0.1566987298135147 0
823 0.9200000000023912 0.04411542732148097 0
824 0.9100000000023808 0.04411542732142283 0
825 0.9300000000024014 0.04411542732153859 0
826 0.9050000000023257 0.05277568135924798 0
827 0.9000000000023682 0.04416246216166868 0
828 0.3500000000025286 0.0441154273182448 0
829 0.3000000000025745 0.04411542731797669 0
830 0.280000000002595 0.04411542731787119 0
831 0.550000000002827 0.04411542731942715 0
832 0.5600000000028292 0.04411542731948176 0
833 0.5400000000028244 0.04411542731937357 0
834 0.2000000000026656 0.04411542731744626 0
835 0.150000000002714 0.04411542731718147 0
836 0.1300000000027226 0.04411542731707487 0
837 0.1100000000027346 0.04411542731696808 0
838 0.09000000000273013 0.04411542731685981 0
839 0.0400000000021742 0.1480384757707132 0
840 0.04500000000212538 0.1566987298085872 0
841 0.04000000000227632 0.1307179676950263 0
842 0.420000000002918 0.06143593539443411 0
843 0.4200000000030094 0.04411542731877761 0
844 0.04500000000232246 0.1220577136572134 0
845 0.5300000000025065 0.1133974596219962 0
846 0.5250000000024717 0.1220577136597923 0
847 0.5700000000024082 0.1133974596222222 0
848 0.08500000000252736 0.08741669750603318 0
849 0.520000000002532 0.1133974596219452 0
850 0.4550000000027163 0.08741669750809672 0
851 0.5650000000027831 0.05277568135735555 0
852 0.5700000000028318 0.04416246215999897 0
853 0.5750000000027854 0.05278352049748845 0
854 0.5800000000028349 0.04414229512059872 0
855 0.4950000000026438 0.08741669750832068 0
856 0.5850000000027881 0.05278146584764838 0
857 0.590000000002838 0.04416790420863746 0
858 0.5950000000027911 0.05278539158738624 0
859 0.6000000000028409 0.04417282667996079 0
860 0.4450000000027022 0.1220577136592964 0
861 0.6050000000027937 0.05278686628926783 0
862 0.6100000000028438 0.04417389287553308 0
863 0.6150000000027973 0.05278728977221582 0
864 0.6200000000028476 0.04412710631487816 0
865 0.6250000000028008 0.05277956259263587 0
866 0.6300000000027981 0.04411802069157402 0
867 0.8950000000023126 0.052783520499242 0
868 0.8900000000023556 0.04414229512222487 0
869 0.8850000000022991 0.05278146584929508 0
870 0.8800000000023421 0.04416790421007001 0
871 0.8750000000022846 0.05278539158890422 0
872 0.8700000000023299 0.0441728266812844 0
873 0.8650000000022695 0.05278686629066671 0
874 0.8600000000023168 0.04414288993981094 0
875 0.8550000000022562 0.05278212261734026 0
876 0.8500000000023041 0.04416811280757227 0
877 0.8450000000022461 0.05278553581637194 0
878 0.8400000000022931 0.04417288548534115 0
879 0.8350000000022362 0.05278690012913302 0
880 0.8300000000022838 0.04417390831705765 0
881 0.8250000000022284 0.05278729798650622 0
882 0.8200000000022769 0.04417414509854324 0
883 0.8150000000022218 0.0527874037596097 0
884 0.810000000002271 0.04414297045662392 0
885 0.8050000000022162 0.05278222561476768 0
886 0.8000000000022656 0.04416814339311024 0
887 0.7950000000022128 0.05278555808000233 0
888 0.7900000000022609 0.04417289429337089 0
889 0.7850000000022087 0.0527869053075465 0
890 0.7800000000022572 0.04417391064796665 0
891 0.7750000000022049 0.0527872992378643 0
892 0.7700000000022539 0.04417414569542142 0
893 0.7650000000022019 0.05278740406745386 0
894 0.7600000000022512 0.04414297049562457 0
895 0.7550000000021992 0.0527822256723792 0
896 0.7500000000022489 0.04416814340904277 0
897 0.7450000000021959 0.05278555809206249 0
898 0.7400000000022466 0.04417289429786375 0
899 0.7350000000021907 0.05278690531010797 0
900 0.7300000000022423 0.04414289456552067 0
901 0.7250000000021859 0.05278212989102024 0
902 0.7200000000022377 0.04416811479036258 0
903 0.7150000000021839 0.05278553735860499 0
904 0.7100000000022352 0.04417288607240438 0
905 0.7050000000021821 0.05278690048350176 0
906 0.7000000000022324 0.04417390847352082 0
907 0.6950000000021788 0.05278729807113062 0
908 0.6900000000022294 0.04417414513828262 0
909 0.6850000000021758 0.05278740377982266 0
910 0.6800000000022262 0.04417420220048516 0
911 0.6750000000021739 0.05278743090826554 0
912 0.670000000002223 0.04417421623223035 0
913 0.6650000000021713 0.05278743776825754 0
914 0.1650000000025988 0.070096189430757 0
915 0.6500000000020107 0.1307179676983293 0
916 0.195000000002592 0.07009618943091246 0
917 0.6800000000019049 0.1307179676985071 0
918 0.2450000000025778 0.07009618943117633 0
919 0.3150000000025434 0.07009618943152907 0
920 0.7300000000017262 0.1307179676987991 0
921 0.36500000000251 0.0700961894317931 0
922 0.8000000000014791 0.1307179676992081 0
923 0.830000000001388 0.1307179676993885 0
924 0.6350000000026865 0.05277676045892024 0
925 0.6600000000022201 0.04417421971414705 0
926 0.8750000000023891 0.03545517328336015 0
927 0.84500000000235 0.03545517328318205 0
928 0.7950000000023139 0.0354551732828973 0
929 0.7450000000023038 0.03545517328260426 0
930 0.7150000000022905 0.03545517328242579 0
931 0.5950000000028897 0.03545517328183006 0
932 0.5650000000028789 0.03545517328166087 0
933 0.4250000000030446 0.0354551732809768 0
934 0.4150000000030652 0.03545517328092457 0
935 0.4350000000030249 0.03545517328102885 0
936 0.9250000000024465 0.03545517328365645 0
937 0.9350000000024574 0.03550220812399524 0
938 0.9054399451975034 0.03519426650159106 0
939 0.8250000000023311 0.03545517328306835 0
940 0.775000000002307 0.03545517328278312 0
941 0.6950000000022846 0.0354551732823061 0
942 0.6750000000022773 0.03545517328218677 0
943 0.6250000000028895 0.03545755200979201 0
944 0.6350000000029051 0.03545517328205793 0
945 0.5450000000028716 0.03545517328155327 0
946 0.5350000000028683 0.03550220812198211 0
947 0.465000000002967 0.03545517328118838 0
948 0.4750000000029452 0.0354551732812402 0
949 0.3850000000026482 0.03545517328054767 0
950 0.3750000000025651 0.03545517328054126 0
951 0.03493566079396677 0.156661583549814 0
952 0.035042073335092 0.1220334226071619 0
953 0.04000701222449995 0.1133934111110158 0
954 0.03998927680054681 0.1653527928033877 0
955 0.04999821280182851 0.1653579520059628 0
956 0.8850000000010458 0.1393782217374132 0
957 0.8900000000009973 0.1480384757752876 0
958 0.8850000000009445 0.1566987298131062 0
959 0.3450000000025273 0.07009618943168901 0
960 0.7800000000014873 0.1307179676990886 0
961 0.7600000000015246 0.1307179676989724 0
962 0.2950000000025525 0.07009618943143647 0
963 0.2750000000025641 0.07009618943133374 0
964 0.7100000000017964 0.1307179676986756 0
965 0.5150000000024991 0.1220577136597383 0
966 0.5200000000024392 0.1307179676975874 0
967 0.5100000000025209 0.113397459621894 0
968 0.225000000002584 0.07009618943107285 0
969 0.6300000000020829 0.1307179676982079 0
970 0.8600000000012269 0.1307179676995197 0
971 0.6100000000021572 0.1307179676980924 0
972 0.5900000000022216 0.1307179676979826 0
973 0.1450000000026052 0.07009618943065341 0
974 0.8800000000010978 0.1307179676995385 0
975 0.1250000000026076 0.07009618943054927 0
976 0.4800000000028898 0.0441154273190924 0
977 0.4846066118645505 0.03568229602887492 0
978 0.1050000000026062 0.07009618943044807 0
979 0.9000000000021807 0.07875644347275551 0
980 0.43500000000286 0.07009618943232798 0
981 0.3850000000023883 0.07009618943187862 0
982 0.3950000000023435 0.07009618943197117 0
983 0.5600000000021392 0.1653589838490325 0
984 0.5500000000021882 0.165358983848979 0
985 0.5700000000020884 0.165358983849087 0
986 0.9200000000016948 0.1653589838514075 0
987 0.9100000000015784 0.1653589838513095 0
988 0.3800000000027043 0.02679491924268141 0
989 0.4300000000030795 0.02679491924317718 0
990 0.02995941420993843 0.148018564709775 0
991 0.03005025426096082 0.1133684453095755 0
992 0.0350095444158764 0.1047316951118109 0
993 0.0299231503899813 0.1653146147043403 0
994 0.04499791493489604 0.1740180340704718 0
995 0.05499935462414758 0.1740188652752978 0
996 0.8900000000010998 0.1307179676995968 0
997 0.3950000000029479 0.03545517328067294 0
998 0.4100000000030294 0.04411542731868472 0
999 0.7100000000021323 0.06143684973396991 0
1000 0.7400000000021402 0.06143685084304872 0
1001 0.7700000000021531 0.06143593539629568 0
1002 0.6300000000027339 0.06143676211825459 0
1003 0.5650000000020661 0.1740192378868571 0
1004 0.8200000000021754 0.0614359353965894 0
1005 0.4000000000025004 0.06143593539414101 0
1006 0.4050000000023676 0.07009618943199356 0
1007 0.40000000000229 0.0787564434698344 0
1008 0.05000116870605995 0.1133967848680069 0
1009 0.5250000000025523 0.1047372055841498 0
1010 0.5100000000024609 0.1307179676975391 0
1011 0.5150000000024095 0.1393782217353812 0
1012 0.5250000000023782 0.139378221735434 0
1013 0.5200000000023477 0.1480384757732231 0
1014 0.5300000000023237 0.1480384757732761 0
1015 0.5250000000023063 0.1566987298110595 0
1016 0.03011664441046003 0.130729126510764 0
1017 0.4550000000029891 0.03545517328113544 0
1018 0.4600000000030236 0.02679491924333741 0
1019 0.9400000000024105 0.04412326646164381 0
1020 0.9450000000024668 0.03551135378744372 0
1021 0.9500000000024198 0.04412609726227432 0
1022 0.9550000000024728 0.03551334986481881 0
1023 0.9600000000024252 0.04412690174197911 0
1024 0.9650000000024753 0.03551381662437424 0
1025 0.9700000000024225 0.04412711361522854 0
1026 0.9650000000023774 0.05277568135958461 0
1027 0.9500000000025247 0.02679491924595673 0
1028 0.9400000000018328 0.1480384757757976 0
1029 0.9450000000017944 0.1566987298136882 0
1030 0.9500000000018545 0.1480384757758536 0
1031 0.9550000000018144 0.1566987298137442 0
1032 0.9600000000018719 0.1480384757759095 0
1033 0.9500000000017548 0.1653589838515805 0
1034 0.9600000000017774 0.1653589838516367 0
1035 0.9550000000019148 0.1393782217380214 0
1036 0.9650088135145618 0.13937822173808 0
1037 0.9600014689207472 0.1307179677001953 0
1038 0.9700381768273421 0.1480201762944086 0
1039 0.9700105272531825 0.1307154369125341 0
1040 0.965001999363695 0.1220572918644203 0
1041 0.9750020877708444 0.1220546907771008 0
1042 0.9700006811904973 0.113396885510676 0
1043 0.9600004467604323 0.113397293639191 0
1044 0.9650001879932653 0.1047370822368189 0
1045 0.9550001057937227 0.1047371573640937 0
1046 0.9600000489659789 0.09607692295340961 0
1047 0.9700000394946739 0.0960769262246631 0
1048 0.9650000147449453 0.08741668852438812 0
1049 0.9500000257947578 0.0960769387457604 0
1050 0.8700000000022237 0.06143684192722693 0
1051 0.4899344353131416 0.044153281110408 0
1052 0.4949344353119927 0.03448857746658615 0
1053 0.9100000000019917 0.1133974596242101 0
1054 0.5300000000028258 0.04412326645940196 0
1055 0.5250000000028675 0.03551135378535947 0
1056 0.5200000000028334 0.04412609725993802 0
1057 0.4800000000026159 0.09607695154605951 0
1058 0.5150000000028746 0.03546631502216645 0
1059 0.8400000000021891 0.06143684965239316 0
1060 0.4999781451060828 0.04396063698193492 0
1061 0.5700000000027332 0.06143724191857231 0
1062 0.8900000000022592 0.06143709386897328 0
1063 0.05999959457240276 0.1653587497715959 0
1064 0.06499982486746672 0.174019136770412 0
1065 0.06999990324140576 0.1653589279817552 0
1066 0.07499995468620337 0.1740192117213283 0
1067 0.07999997632271801 0.1653589701753009 0
1068 0.08499998850289581 0.1740192312454424 0
1069 0.0899999941390687 0.1653589804616111 0
1070 0.09499999710828189 0.1740192362138027 0
1071 0.09999999854271092 0.1653589830040918 0
1072 0.1049999992761927 0.1740192374659317 0
1073 0.1099999996379878 0.1653589836365629 0
1074 0.1049999996983106 0.1566987296334127 0
1075 0.1149999999733041 0.1566987297922102 0
1076 0.1199999999367226 0.1653589838090129 0
1077 0.1249999999865671 0.1566987297999032 0
1078 0.1299999999887412 0.1653589838390712 0
1079 0.1350000000010784 0.1566987298083146 0
1080 0.1399999999998483 0.1653589838455178 0
1081 0.1450000000017546 0.1566987298087412 0
1082 0.1500000000016932 0.1653589838466188 0
1083 0.155000000002406 0.1566987298091529 0
1084 0.1600000000018527 0.1653589838471429 0
1085 0.1650000000023501 0.1566987298092199 0
1086 0.1700000000020264 0.1653589838473559 0
1087 0.1750000000023864 0.1566987298093025 0
1088 0.1800000000023555 0.1653589838472026 0
1089 0.1850000000024649 0.1566987298093262 0
1090 0.1900000000024419 0.1653589838472159 0
1091 0.1950000000025114 0.1566987298093674 0
1092 0.2000000000024733 0.1653589838472546 0
1093 0.2050000000025428 0.1566987298094156 0
1094 0.2100000000024837 0.1653589838473358 0
1095 0.2150000000025669 0.1566987298094698 0
1096 0.2200000000025172 0.1653589838473988 0
1097 0.2250000000025956 0.1566987298095243 0
1098 0.2300000000025629 0.1653589838474173 0
1099 0.2350000000026273 0.1566987298095737 0
1100 0.2400000000025827 0.1653589838474798 0
1101 0.2450000000026541 0.156698729809627 0
1102 0.2500000000026132 0.1653589838475366 0
1103 0.2550000000026838 0.1566987298096762 0
1104 0.2600000000026503 0.1653589838475738 0
1105 0.2650000000027112 0.1566987298097285 0
1106 0.2700000000026795 0.1653589838476233 0
1107 0.2750000000027389 0.1566987298097811 0
1108 0.2800000000027072 0.1653589838476705 0
1109 0.2850000000027649 0.1566987298098301 0
1110 0.2900000000027343 0.1653589838477211 0
1111 0.2950000000027931 0.1566987298098842 0
1112 0.3000000000027616 0.1653589838477661 0
1113 0.3050000000028207 0.1566987298099347 0
1114 0.3100000000027887 0.1653589838478193 0
1115 0.3150000000028475 0.1566987298099863 0
1116 0.3200000000028157 0.1653589838478645 0
1117 0.3250000000028742 0.1566987298100369 0
1118 0.3300000000028425 0.1653589838479074 0
1119 0.3350000000029003 0.1566987298100869 0
1120 0.3400000000028687 0.1653589838479571 0
1121 0.3450000000029274 0.1566987298101385 0
1122 0.3500000000028949 0.1653589838480015 0
1123 0.3550000000029535 0.1566987298101891 0
1124 0.3600000000029208 0.1653589838480691 0
1125 0.3650000000029776 0.1566987298102431 0
1126 0.3700000000029458 0.1653589838481029 0
1127 0.3750000000030025 0.1566987298102927 0
1128 0.3800000000029702 0.1653589838481445 0
1129 0.385000000003027 0.1566987298103428 0
1130 0.3900000000029945 0.1653589838481942 0
1131 0.395000000003049 0.1566987298103923 0
1132 0.4000000000030178 0.1653589838482387 0
1133 0.4050000000030725 0.1566987298104432 0
1134 0.410000000003041 0.1653589838483178 0
1135 0.4150000000030961 0.1566987298105031 0
1136 0.4200000000030616 0.1653589838483416 0
1137 0.4250000000031157 0.1566987298105528 0
1138 0.1299999999995453 0.1480384757695175 0
1139 0.1800000000025066 0.1480384757714269 0
1140 0.4300000000030799 0.1653589838483829 0
1141 0.4350000000031314 0.1566987298106028 0
1142 0.4400000000030952 0.1653589838484649 0
1143 0.2100000000025992 0.1480384757715706 0
1144 0.2400000000026883 0.1480384757717314 0
1145 0.3100000000028812 0.1480384757720961 0
1146 0.36000000000301 0.1480384757723557 0
1147 0.410000000003126 0.1480384757726163 0
1148 0.4300000000031709 0.1480384757727325 0
1149 0.3800000000030596 0.1480384757724602 0
1150 0.3300000000029315 0.1480384757721994 0
1151 0.2800000000027943 0.1480384757719374 0
1152 0.2600000000027433 0.1480384757718365 0
1153 0.1500000000023353 0.1480384757711991 0
1154 0.1099999999468361 0.1480384757390156 0
1155 0.4450000000031441 0.156698729810661 0
1156 0.4500000000031051 0.165358983848484 0
1157 0.1450000000016732 0.1740192378849054 0
1158 0.1950000000024271 0.1740192378851006 0
1159 0.2250000000023709 0.1740192378853635 0
1160 0.2950000000027033 0.1740192378856213 0
1161 0.3450000000027255 0.1740192378859083 0
1162 0.3950000000025764 0.1740192378861338 0
1163 0.4250000000026721 0.1740192378862164 0
1164 0.1249999999884955 0.1740192378776728 0
1165 0.1750000000015183 0.1740192378856903 0
1166 0.4850000000022336 0.1740192378864428 0
1167 0.5900000000027374 0.06143778000486837 0
1168 0.6400000000026153 0.06143625303299089 0
1169 0.790000000002162 0.06143685084268463 0
1170 0.6100000000027447 0.06143593539545661 0
1171 0.4100000000024119 0.07875644346982089 0
1172 0.6800000000021234 0.06143593539575768 0
1173 0.2550000000025933 0.174019237885414 0
1174 0.2750000000026488 0.1740192378855179 0
1175 0.5750000000019722 0.1740192378868896 0
1176 0.3250000000027848 0.1740192378857758 0
1177 0.3750000000028084 0.1740192378860442 0
1178 0.4550000000030106 0.1566987298106294 0
1179 0.4600000000029447 0.1653589838484815 0
1180 0.4550000000027709 0.1740192378863268 0
1181 0.4650000000026472 0.174019237886342 0
1182 0.4500000000030306 0.1480384757727571 0
1183 0.955000000001716 0.174019237889127 0
1184 0.945000000001692 0.1740192378891996 0
1185 0.9650000000017445 0.174019237889335 0
1186 0.9700643392088697 0.1653218375931413 0
1187 0.9750107232029489 0.1740130468457546 0
1188 0.4500000000030432 0.02684195408378873 0
1189 0.3700000000026241 0.02684195408324132 0
1190 0.9750000000023682 0.05277762907521474 0
1191 0.9700000000023241 0.06143626001671039 0
1192 0.9600000000023321 0.06143598950060286 0
1193 0.5404328976029474 0.02648290869121358 0
1194 0.5500000000029222 0.02679491924372919 0
1195 0.520000000002908 0.02679491924358596 0
1196 0.5114714677193147 0.02669743660998555 0
1197 0.4783143257024567 0.02710429083438416 0
1198 0.9295995642693964 0.02708098490445477 0
1199 0.9203661583138436 0.02652274716242932 0
1200 0.6296066118646059 0.02702243844637337 0
1201 0.6383143257025123 0.02710435691088919 0
1202 0.6208002305133378 0.02609946649958831 0
1203 0.02500996644777648 0.1047314514515328 0
1204 0.03000325181227669 0.09607507411036187 0
1205 0.04000213270634519 0.0960757202265132 0
1206 0.03500089742146362 0.08741617938074077 0
1207 0.02525427255913342 0.08756270331532309 0
1208 0.03004252833182602 0.07878069141536162 0
1209 0.04000723762726194 0.07876039843838761 0
1210 0.03500829432826883 0.0701008899164305 0
1211 0.01860059992218105 0.07924781601184111 0
1212 0.04999954492767189 0.1826792291849582 0
1213 0.8950000000011062 0.1566987298132055 0
1214 0.8900000000008922 0.1653589838509884 0
1215 0.8800000000008873 0.1653589838509275 0
1216 0.8850000000004092 0.1740192378885399 0
1217 0.8950000000007443 0.17401923788845 0
1218 0.8750000000003353 0.1740192378884474 0
1219 0.9050000000015204 0.1393782217376555 0
1220 0.965000000002292 0.07009625255568266 0
1221 0.9748224326069376 0.07008022248601087 0
1222 0.9550000000022894 0.07009620897247477 0
1223 0.5450000000022495 0.1566987298111545 0
1224 0.5400000000022365 0.1653589838489319 0
1225 0.5450000000021404 0.1740192378867389 0
1226 0.5350000000022146 0.1740192378866814 0
1227 0.04500258866100549 0.07009763200629082 0
1228 0.04000181383332915 0.06143695923604466 0
1229 0.03000168469537403 0.06143688944726566 0
1230 0.03500015178508722 0.05277576716498346 0
1231 0.02500030608187688 0.05277585466531233 0
1232 0.03000007631300132 0.044115470503476 0
1233 0.0400000380181839 0.0441154488161911 0
1234 0.03500001905706941 0.03545518405982514 0
1235 0.04500000951440723 0.03545517865890657 0
1236 0.05000000792391823 0.04411543179661143 0
1237 0.05500000290824879 0.03545517492219026 0
1238 0.05000000207234467 0.02679492041155817 0
1239 0.06000000083198673 0.02684195455072551 0
1240 0.06500000062521342 0.03546301277106931 0
1241 0.07000000024474776 0.02685109988210076 0
1242 0.07500000014682778 0.03546584330114308 0
1243 0.08000000006713634 0.02685309585903375 0
1244 0.09999999994239769 0.1480384757364125 0
1245 0.1049999999831169 0.1393782217220639 0
1246 0.114999999989903 0.1393782217260352 0
1247 0.5800000000020297 0.1653589838491386 0
1248 0.5850000000018396 0.1740192378869302 0
1249 0.3650000000025703 0.03546301242058701 0
1250 0.3600000000026245 0.02685109974664003 0
1251 0.6350000000026144 0.07009638016012251 0
1252 0.4849890725545488 0.05278199032215586 0
1253 0.08499999507845298 0.1566987269660584 0
1254 0.8850000000011981 0.1220577136617447 0
1255 0.8750000000011449 0.1220577136616565 0
1256 0.8950000000012107 0.1220577136618101 0
1257 0.5700000000018284 0.1826794919246413 0
1258 0.6550000000022744 0.05278743949196538 0
1259 0.6600000000021189 0.06143593539563916 0
1260 0.6500000000023954 0.04412718574141496 0
1261 0.6550000000022708 0.0354551732820682 0
1262 0.9150000000016334 0.1740192378892416 0
1263 0.9250000000016573 0.1740192378893016 0
1264 0.9500000000015123 0.1826794919260306 0
1265 0.02529916910386921 0.03562789845794626 0
1266 0.03004986469539173 0.02687074340831529 0
1267 0.9747008467951349 0.0356396110744002 0
1268 0.9703830387348594 0.02651558307471099 0
1269 0.974746428022786 0.0875630968619541 0
1270 0.02120027364798534 0.02767573609000127 0
1271 0.9790303813365991 0.0275011016030928 0
1272 0.4550000000030811 0.01813466520548632 0
1273 0.3750000000026368 0.0181346652048964 0
1274 0.9750825115119071 0.01844078981826714 0
1275 0.9250000000025422 0.01813466520794299 0
1276 0.6250000000029938 0.01813466520629282 0
1277 0.5450000000029616 0.01813466520584972 0
1278 0.07500000000285326 0.01813466520327618 0
1279 0.05500000000287297 0.01813466520317099 0
1280 0.025226961978213 0.01743226684348998 0
1281 0.9796255886135687 0.09589397797775326 0
1282 0.9799451005519738 0.1134494599514033 0
1283 0.9844252775496664 0.1225156922595978 0
1284 0.04500000000288269 0.01813466520311834 0
1285 0.3850000000026149 0.01813466520494994 0
1286 0.4645279342361356 0.01991999007563207 0
1287 0.02009592883216083 0.06175723621495009 0
1288 0.01501604220698505 0.05368455343159206 0
1289 0.02000760496680527 0.1136563900727918 0
1290 0.0150712753130105 0.1049112209635925 0
1291 0.01563709563760326 0.122726892726565 0
1292 0.9803285864814755 0.1652409281253835 0
1293 0.9850000000017984 0.1740192378896468 0
1294 0.9853459236422863 0.1557747263292988 0
1295 0.9753860352442596 0.1564758522627459 0
1296 0.9802469377066669 0.1475207853499214 0
1297 0.9748631025901885 0.1393413475584931 0
1298 0.03999957664461116 0.1826792474973203 0
1299 0.06999996325978106 0.1826794707100048 0
1300 0.08999999760256668 0.1826794905379444 0
1301 0.0450000000019225 0.1913397459600235 0
1302 0.02999992944023746 0.1826794511850945 0
1303 0.9050000000013805 0.1566987298133409 0
1304 0.9050000000014833 0.1740192378888891 0
1305 0.4050000000030591 0.03545517328084106 0
1306 0.4100000000031166 0.02684195408358617 0
1307 0.4000000000028685 0.04411542731852958 0
1308 0.4100000000026029 0.06143593539422146 0
1309 0.9000000000012776 0.1307179676997035 0
1310 0.4050000000022942 0.0874166975076997 0
1311 0.3950000000022655 0.08741669750763421 0
1312 0.4000000000031807 0.02684979322349993 0
1313 0.4050000000031764 0.01813466520522018 0
1314 0.9050000000014353 0.1220577136619089 0
1315 0.9000000000015587 0.1133974596240215 0
1316 0.8800000000014776 0.1133974596238893 0
1317 0.9000000000013035 0.1480384757754301 0
1318 0.9000000000011974 0.1653589838510305 0
1319 0.5100000000023376 0.148038475773172 0
1320 0.9600000024593857 0.07875645575161327 0
1321 0.5400000000020679 0.1826794919244946 0
1322 0.0949999999891267 0.1393782217255161 0
1323 0.09999999999692791 0.1307179676921965 0
1324 0.9500000920937267 0.1133974239231326 0
1325 0.6250000000026359 0.07009635900828169 0
1326 0.9500000004117798 0.07875644877566917 0
1327 0.475000000002064 0.1913397459621722 0
1328 0.4800000000022305 0.1826794919242828 0
1329 0.9500000000023255 0.0614359476707539 0
1330 0.9699281463064398 0.07877819327546499 0
1331 0.9813251709602303 0.07917503368339114 0
1332 0.008823458455863733 0.08477737912567283 0
1333 0.008660254037876736 0.07500000000024333 0
1334 0.02506444679751238 0.1913769543374368 0
1335 0.02007518792906906 0.1827229016956709 0
1336 0.009211596736507141 0.1837120954945669 0
1337 0.01499999999648518 0.1740192378864043 0
1338 0.02499971129191199 0.1740190712006413 0
1339 0.01967106753235145 0.165240728367604 0
1340 0.01465401869089727 0.1557746930344739 0
1341 0.02461396475318309 0.1564758522561736 0
1342 0.0197527686441139 0.1475205895277842 0
1343 0.02505220806652203 0.1393808220790852 0
1344 0.9500000000019596 0.1307179677001336 0
1345 0.8700000000008099 0.1653589838508193 0
1346 0.8650000000003335 0.1740192378883817 0
1347 0.8600000000008103 0.1653589838507562 0
1348 0.8550000000003674 0.174019237888328 0
1349 0.8500000000008376 0.165358983850698 0
1350 0.8450000000004159 0.1740192378882773 0
1351 0.8400000000008772 0.1653589838506485 0
1352 0.8350000000004782 0.174019237888225 0
1353 0.830000000000926 0.1653589838505968 0
1354 0.8250000000007205 0.1740192378882714 0
1355 0.8200000000010057 0.1653589838505464 0
1356 0.815000000001068 0.1740192378882878 0
1357 0.8200000000004734 0.1826794919258107 0
1358 0.8100000000011099 0.1653589838505084 0
1359 0.8050000000010964 0.1740192378883062 0
1360 0.8000000000011729 0.1653589838504727 0
1361 0.7950000000009854 0.174019237888146 0
1362 0.7900000000011969 0.1653589838503883 0
1363 0.785000000001238 0.1740192378881197 0
1364 0.7900000000006713 0.1826794919256759 0
1365 0.7800000000012854 0.1653589838503509 0
1366 0.7750000000011599 0.1740192378879938 0
1367 0.7700000000012945 0.1653589838502426 0
1368 0.7650000000009505 0.17401923788788 0
1369 0.8250000000010682 0.1566987298127738 0
1370 0.7950000000012323 0.1566987298126165 0
1371 0.7600000000012949 0.1653589838501595 0
1372 0.7550000000009579 0.1740192378878121 0
1373 0.750000000001301 0.1653589838500877 0
1374 0.7450000000009483 0.1740192378877325 0
1375 0.5049999999987039 0.008613219197357165 0
1376 0.4995600548037703 0.01758141485681565 0
1377 0.4903666209952207 0.01763273846079227 0
1378 0.9550000153965155 0.08741669204361985 0
1379 0.9450000069349382 0.08741669534958858 0
1380 0.9400000054563609 0.09607694905463601 0
1381 0.5350000000023473 0.139378221735486 0
1382 0.08500000003749827 0.03546664771901221 0
1383 0.09000000001931059 0.02685356259152948 0
1384 0.5249332607099815 0.008566848110961638 0
1385 0.5284678822120104 0.0173049761407902 0
1386 0.8849999999995423 0.1913397459624523 0
1387 0.5300000000022868 0.1653589838488801 0
1388 0.5250000000022628 0.1740192378866511 0
1389 0.9900743938825366 0.0952970378911516 0
1390 0.560000000001895 0.1826794919245877 0
1391 0.5900000000019725 0.1653589838491907 0
1392 0.5950000000017536 0.1740192378869913 0
1393 0.455000000002032 0.1913397459621265 0
1394 0.4500000000018778 0.1826794919242504 0
1395 0.4400000000020102 0.1826794919242106 0
1396 0.4350000000018934 0.1913397459621382 0
1397 0.4250000000018332 0.1913397459621471 0
1398 0.4200000000017464 0.1826794919242391 0
1399 0.4100000000018311 0.1826794919242101 0
1400 0.05000073375083838 0.06143634646232328 0
1401 0.4400000000031568 0.1480384757727723 0
1402 0.4350000000031721 0.1393782217349138 0
1403 0.4250000000031476 0.1393782217348662 0
1404 0.4300000000030591 0.1307179676970457 0
1405 0.4450000000029777 0.1393782217349092 0
1406 0.05000163771641736 0.07875734305911787 0
1407 0.007750893168012658 0.0247214329671113 0
1408 0.9050000000003028 0.1913397459625218 0
1409 0.07000000006790971 0.04411700125505466 0
1410 0.4400000000030615 0.02684979322381963 0
1411 0.4350000000031126 0.01813466520537831 0
1412 0.4250000000031362 0.01813466520532646 0
1413 0.09499999892994496 0.156698729189746 0
1414 0.5400000000023041 0.1480384757733232 0
1415 0.1000000000024968 0.09607695154395186 0
1416 0.1050000000025428 0.0874166975061281 0
1417 0.1150000000025549 0.08741669750618375 0
1418 0.09500000000252806 0.08741669750608207 0
1419 0.6250000000019056 0.1566987298115955 0
1420 0.6300000000018378 0.165358983849426 0
1421 0.6400000000017868 0.1653589838494854 0
1422 0.6350000000017818 0.1740192378872416 0
1423 0.6450000000016336 0.1740192378872673 0
1424 0.6250000000017404 0.1740192378871627 0
1425 0.6500000000017216 0.1653589838495394 0
1426 0.6550000000016029 0.1740192378873091 0
1427 0.6400000000014432 0.1826794919249517 0
1428 0.6600000000016815 0.1653589838496053 0
1429 0.6650000000016703 0.1740192378874073 0
1430 0.7050000000015735 0.1566987298120417 0
1431 0.7100000000015031 0.165358983849871 0
1432 0.7200000000014525 0.1653589838499276 0
1433 0.7150000000014751 0.1740192378876727 0
1434 0.7250000000012681 0.1740192378876813 0
1435 0.7050000000014029 0.1740192378875671 0
1436 0.7300000000013817 0.165358983849975 0
1437 0.7200000000010212 0.1826794919252995 0
1438 0.7350000000009934 0.174019237887645 0
1439 0.7400000000012443 0.165358983849989 0
1440 0.925000000000567 0.1913397459625863 0
1441 0.4450000000030105 0.03545959456479593 0
1442 0.7050000000022153 0.104737205585158 0
1443 0.7000000000021603 0.1133974596229437 0
1444 0.6900000000021991 0.113397459622894 0
1445 0.6950000000020913 0.1220577136607518 0
1446 0.6850000000021674 0.1220577136606873 0
1447 0.6800000000021994 0.1133974596228419 0
1448 0.7100000000021325 0.113397459623002 0
1449 0.7200000000021048 0.1133974596230654 0
1450 0.7150000000019419 0.1220577136608621 0
1451 0.7250000000021682 0.1047372055852825 0
1452 0.7300000000021004 0.1133974596231483 0
1453 0.7350000000021631 0.1047372055853372 0
1454 0.7400000000021225 0.1133974596231911 0
1455 0.7500000000020455 0.1133974596232464 0
1456 0.7450000000019243 0.1220577136610817 0
1457 0.7350000000020714 0.1220577136609923 0
1458 0.7000000000015365 0.1653589838498033 0
1459 0.6900000000015962 0.1653589838497633 0
1460 0.6950000000012621 0.1740192378874841 0
1461 0.6850000000013097 0.1740192378874253 0
1462 0.6800000000016029 0.1653589838496902 0
1463 0.6750000000014691 0.1740192378874075 0
1464 0.6700000000016453 0.1653589838496356 0
1465 0.6700000000012857 0.1826794919250961 0
1466 0.6250000000023593 0.1047372055847044 0
1467 0.620000000002314 0.1133974596224958 0
1468 0.6100000000023373 0.1133974596224425 0
1469 0.6150000000022851 0.1220577136602923 0
1470 0.6300000000022894 0.1133974596225531 0
1471 0.6400000000022636 0.1133974596226134 0
1472 0.6350000000021671 0.1220577136604071 0
1473 0.6450000000023138 0.1047372055848247 0
1474 0.6500000000022474 0.1133974596226807 0
1475 0.655000000002302 0.1047372055848822 0
1476 0.6600000000022593 0.1133974596227375 0
1477 0.6550000000022079 0.1220577136605312 0
1478 0.6650000000021342 0.1220577136606017 0
1479 0.6700000000022031 0.113397459622789 0
1480 0.6050000000024011 0.1047372055845953 0
1481 0.6000000000023595 0.1133974596223891 0
1482 0.5900000000023736 0.1133974596223471 0
1483 0.5950000000022772 0.1220577136601936 0
1484 0.5850000000024361 0.1047372055844901 0
1485 0.5800000000023776 0.1133974596222866 0
1486 0.7800000000021539 0.0614359353963529 0
1487 0.7750000000021023 0.07009618943416618 0
1488 0.7650000000021242 0.07009618943411262 0
1489 0.6200000000027281 0.06143868305335877 0
1490 0.3700000000030348 0.1480384757724077 0
1491 0.3650000000030333 0.1393782217345413 0
1492 0.3550000000030429 0.1393782217344728 0
1493 0.3600000000029399 0.1307179676966327 0
1494 0.3500000000028621 0.1307179676965917 0
1495 0.3450000000029476 0.1393782217344371 0
1496 0.3750000000030488 0.1393782217345969 0
1497 0.3850000000030672 0.1393782217346502 0
1498 0.380000000002885 0.1307179676967768 0
1499 0.3900000000030712 0.1480384757725123 0
1500 0.3950000000030823 0.1393782217346987 0
1501 0.4000000000030904 0.1480384757725636 0
1502 0.4050000000031365 0.1393782217347297 0
1503 0.4000000000029483 0.130717967696853 0
1504 0.410000000003038 0.1307179676968833 0
1505 0.4150000000030938 0.1393782217348067 0
1506 0.7750000000020878 0.104737205585551 0
1507 0.7700000000020507 0.1133974596233493 0
1508 0.7800000000019396 0.1133974596234312 0
1509 0.7900000000019612 0.1133974596234624 0
1510 0.7850000000016648 0.1220577136613012 0
1511 0.7950000000020414 0.1047372055856787 0
1512 0.8000000000019567 0.1133974596235219 0
1513 0.8050000000020333 0.1047372055857332 0
1514 0.8100000000019809 0.1133974596235864 0
1515 0.8200000000019456 0.1133974596236268 0
1516 0.8150000000018571 0.1220577136614524 0
1517 0.8050000000019388 0.1220577136613936 0
1518 0.7750000000013053 0.1566987298124619 0
1519 0.3550000000025769 0.03546584322112453 0
1520 0.3500000000026192 0.0268530958239326 0
1521 0.3550000000026756 0.01813466520478948 0
1522 0.9100000000016464 0.1480384757755845 0
1523 0.9907854220125842 0.1461161026570521 0
1524 0.8000000000021676 0.06143882480043626 0
1525 0.7950000000021689 0.07009682357600883 0
1526 0.8100000000021699 0.06143845397521842 0
1527 0.8150000000021578 0.07009660919753594 0
1528 0.8250000000021591 0.07009625939499958 0
1529 0.575000000002447 0.1047372055844244 0
1530 0.5750000000023263 0.1220577136600763 0
1531 0.5150000000022839 0.1566987298110132 0
1532 0.5200000000022746 0.165358983848848 0
1533 0.5150000000022701 0.1740192378866534 0
1534 0.5200000000021265 0.1826794919244389 0
1535 0.5800000000027354 0.06143793239089358 0
1536 0.5850000000026904 0.07009618943315511 0
1537 0.6050000000019933 0.1566987298114806 0
1538 0.6100000000019207 0.1653589838493126 0
1539 0.6000000000019279 0.165358983849247 0
1540 0.6050000000016913 0.1740192378870434 0
1541 0.6150000000016315 0.1740192378870902 0
1542 0.6200000000018311 0.1653589838493543 0
1543 0.700000000002129 0.06143593539587724 0
1544 0.7050000000022011 0.07009634182346 0
1545 0.7150000000022079 0.07009636722179718 0
1546 0.7200000000021625 0.06143883483921785 0
1547 0.7300000000021505 0.06143951662519623 0
1548 0.7350000000021892 0.07009693887997288 0
1549 0.7450000000021921 0.07009646691617501 0
1550 0.690000000002123 0.06143593539581696 0
1551 0.6850000000020714 0.07009618943362898 0
1552 0.9450000000018939 0.1393782217379644 0
1553 0.9450000153506073 0.12205770771204 0
1554 0.5600000000027323 0.0614361531490607 0
1555 0.9798742789204844 0.04446858425285986 0
1556 0.9849790434343293 0.05369015851985222 0
1557 0.9798713156400859 0.06190717874856389 0
1558 0.6700000000021245 0.06143593539569877 0
1559 0.6650000000022629 0.07009618943360259 0
1560 0.6000000000027434 0.06143692195356286 0
1561 0.6050000000026537 0.07009635385962742 0
1562 0.8800000000022428 0.0614388620173328 0
1563 0.3200000000029062 0.148038475772148 0
1564 0.3150000000029095 0.1393782217342766 0
1565 0.3050000000029131 0.1393782217342089 0
1566 0.3100000000027847 0.1307179676963727 0
1567 0.3000000000027573 0.1307179676963291 0
1568 0.2950000000028199 0.1393782217341682 0
1569 0.3250000000029275 0.1393782217343321 0
1570 0.3350000000029387 0.1393782217343891 0
1571 0.3300000000028002 0.1307179676965144 0
1572 0.5050000000026309 0.08741669750837801 0
1573 0.5000000000025892 0.09607695154618232 0
1574 0.5100000000025874 0.0960769515462411 0
1575 0.5050000000025311 0.1047372055840426 0
1576 0.4950000000025457 0.1047372055839808 0
1577 0.500000000002496 0.1133974596218412 0
1578 0.505000000002482 0.1220577136596851 0
1579 0.5000000000024558 0.1307179676974907 0
1580 0.5200000000025902 0.09607695154629631 0
1581 0.5250000000026174 0.0874166975084873 0
1582 0.5350000000026057 0.08741669750853986 0
1583 0.5400000000025611 0.0960769515463987 0
1584 0.9749355414430454 0.1913769611282772 0
1585 0.4900000000025145 0.1133974596217791 0
1586 0.2500000000027156 0.1480384757717849 0
1587 0.2450000000027252 0.1393782217339075 0
1588 0.2350000000027225 0.1393782217338425 0
1589 0.240000000002646 0.1307179676960125 0
1590 0.230000000002619 0.1307179676959661 0
1591 0.2250000000026436 0.1393782217337986 0
1592 0.2550000000027459 0.1393782217339629 0
1593 0.2650000000027691 0.1393782217340156 0
1594 0.2600000000026678 0.1307179676961452 0
1595 0.06500000000232802 0.1220577136573154 0
1596 0.1900000000026756 0.0441154273173948 0
1597 0.1850000000027259 0.03545517327953554 0
1598 0.1750000000027399 0.03545517327948256 0
1599 0.1800000000027782 0.02679491924167882 0
1600 0.1900000000027655 0.02684195408237204 0
1601 0.1700000000027949 0.0268419540822795 0
1602 0.1650000000027555 0.03546301241953811 0
1603 0.1600000000028122 0.026851099745686 0
1604 0.1750000000028323 0.01813466520382342 0
1605 0.1550000000027637 0.03546584322007932 0
1606 0.1500000000028109 0.02685309582298519 0
1607 0.1550000000028688 0.01813466520371518 0
1608 0.195000000002715 0.03546301241969521 0
1609 0.2050000000027015 0.03545647980299002 0
1610 0.2000000000027519 0.02685131749977402 0
1611 0.2100000000027363 0.02685157154602249 0
1612 0.2150000000026848 0.03546483308427844 0
1613 0.2200000000027187 0.02685300610064531 0
1614 0.2050000000027904 0.01813466520398162 0
1615 0.2250000000026707 0.0354664643902987 0
1616 0.2300000000027007 0.0268064822368211 0
1617 0.2250000000027534 0.01813466520408207 0
1618 0.2350000000027326 0.01813466520413213 0
1619 0.2400000000027109 0.02684388124842291 0
1620 0.140000000002716 0.04411542731712859 0
1621 0.1350000000027645 0.03545517327926703 0
1622 0.1250000000027756 0.03545517327921367 0
1623 0.1300000000028153 0.02684195408208222 0
1624 0.1200000000028286 0.02684979322214023 0
1625 0.1400000000028108 0.02685948931915141 0
1626 0.1350000000028543 0.01813466520360295 0
1627 0.1450000000027588 0.03546096151858989 0
1628 0.8300000000021751 0.06143593539665379 0
1629 0.2700000000026666 0.09607695154487778 0
1630 0.2650000000026974 0.08741669750701203 0
1631 0.2550000000027051 0.08741669750695132 0
1632 0.2600000000027105 0.07875644346912293 0
1633 0.2500000000027556 0.07875644346907641 0
1634 0.2450000000026828 0.08741669750690229 0
1635 0.2750000000027006 0.08741669750706757 0
1636 0.2850000000027039 0.08741669750712124 0
1637 0.2800000000027655 0.07875644346924018 0
1638 0.2900000000026765 0.09607695154498527 0
1639 0.2950000000027075 0.08741669750717343 0
1640 0.3050000000027109 0.08741669750722283 0
1641 0.3000000000027705 0.07875644346934353 0
1642 0.310000000002687 0.09607695154508435 0
1643 0.3150000000027271 0.0874166975072584 0
1644 0.3200000000026941 0.0960769515451341 0
1645 0.3250000000027449 0.08741669750730936 0
1646 0.3350000000027338 0.0874166975073736 0
1647 0.3300000000027375 0.07875644346947799 0
1648 0.3200000000026405 0.07875644346941836 0
1649 0.3400000000027076 0.09607695154524511 0
1650 0.3450000000027456 0.08741669750740359 0
1651 0.355000000002745 0.08741669750748506 0
1652 0.3500000000028172 0.07875644346959927 0
1653 0.3600000000027175 0.0960769515453514 0
1654 0.3650000000027396 0.08741669750753514 0
1655 0.3700000000027 0.09607695154539378 0
1656 0.3750000000026485 0.08741669750751187 0
1657 0.3700000000025833 0.07875644346965399 0
1658 0.2900000000025841 0.04411542731792406 0
1659 0.2850000000026354 0.0354551732800663 0
1660 0.2750000000026503 0.03545517328001339 0
1661 0.2800000000026883 0.02684195408281202 0
1662 0.2700000000027059 0.02684979322285878 0
1663 0.2900000000026745 0.02684979322295605 0
1664 0.2850000000027254 0.01813466520440858 0
1665 0.2650000000026649 0.03546431894341009 0
1666 0.2600000000027246 0.02680558918279431 0
1667 0.265000000002762 0.01813466520430196 0
1668 0.255000000002783 0.01813466520424783 0
1669 0.2500000000027238 0.0268518927405198 0
1670 0.2950000000026235 0.03546431894356802 0
1671 0.3050000000026092 0.03545669755741136 0
1672 0.3000000000026598 0.02685287806980512 0
1673 0.3100000000026432 0.0268518679337375 0
1674 0.3150000000025919 0.03546491877498789 0
1675 0.3200000000026247 0.02685306978068835 0
1676 0.3050000000026973 0.01813466520451343 0
1677 0.3250000000025766 0.03546648928577721 0
1678 0.3300000000026058 0.02680649699976086 0
1679 0.3250000000026577 0.01813466520461241 0
1680 0.3350000000026364 0.018134665204661 0
1681 0.3400000000026115 0.02685357980620036 0
1682 0.6750000000022653 0.1047372055849907 0
1683 0.3400000000025292 0.04411542731818771 0
1684 0.3450000000025735 0.03546070513715149 0
1685 0.2200000000026249 0.09607695154460558 0
1686 0.2150000000026585 0.08741669750673704 0
1687 0.2050000000026629 0.08741669750667681 0
1688 0.2100000000026811 0.07875644346885155 0
1689 0.200000000002714 0.07875644346880051 0
1690 0.1950000000026357 0.08741669750662209 0
1691 0.2250000000026627 0.087416697506793 0
1692 0.2350000000026675 0.08741669750684961 0
1693 0.2300000000027254 0.07875644346896686 0
1694 0.1400000000016041 0.1480384757707426 0
1695 0.1350000000018209 0.139378221732974 0
1696 0.1249999999997412 0.1393782217317428 0
1697 0.1300000000018501 0.1307179676951492 0
1698 0.1450000000022573 0.1393782217332731 0
1699 0.155000000002421 0.1393782217334043 0
1700 0.1400000000025438 0.0960769515441679 0
1701 0.1350000000025796 0.0874166975062933 0
1702 0.1250000000025664 0.08741669750623865 0
1703 0.1300000000025845 0.07875644346842109 0
1704 0.1450000000025872 0.0874166975063488 0
1705 0.155000000002594 0.08741669750640264 0
1706 0.1500000000025928 0.07875644346852922 0
1707 0.1600000000025616 0.09607695154427241 0
1708 0.165000000002601 0.08741669750645549 0
1709 0.17000000000257 0.09607695154432945 0
1710 0.1750000000026147 0.08741669750650104 0
1711 0.1700000000026052 0.07875644346862877 0
1712 0.1800000000026339 0.07875644346867809 0
1713 0.1850000000026124 0.087416697506565 0
1714 0.9549332607111016 0.008566848111205991 0
1715 0.9584678822127264 0.01730497614138222 0
1716 0.1850000000028151 0.01813466520387634 0
1717 0.2700000000027628 0.1480384757718907 0
1718 0.275000000002791 0.1393782217340664 0
1719 0.285000000002805 0.1393782217341188 0
1720 0.2800000000026996 0.1307179676962482 0
1721 0.2900000000028055 0.1480384757719972 0
1722 0.7749999999994113 0.008660254037869033 0
1723 0.7699999999993997 0.01727347323536553 0
1724 0.7599999999993761 0.01731266893566871 0
1725 0.7649999999993867 0.02598076211359102 0
1726 0.7549999999993705 0.0259807621135934 0
1727 0.7499999999993472 0.01727216671200588 0
1728 0.07000000000238055 0.1133974596194939 0
1729 0.06000019478632365 0.1133973471608787 0
1730 0.07499999387726725 0.1913397424259817 0
1731 0.1150000000027816 0.03546431894262413 0
1732 0.1100000000028239 0.02685262402268775 0
1733 0.1150000000028834 0.01813466520349212 0
1734 0.9049332607109695 0.008613882951476477 0
1735 0.899595488647139 0.01708565681407715 0
1736 0.889932581440946 0.01728136619878939 0
1737 0.8934723501505812 0.02604695291425362 0
1738 0.8842957319966368 0.02608130652488914 0
1739 0.8799999999996917 0.01732050807573585 0
1740 0.908227561734067 0.01695167986834525 0
1741 0.06500003246642022 0.1047371868385276 0
1742 0.05500023266102985 0.1047370712560665 0
1743 0.05000039422954922 0.09607672393660438 0
1744 0.04500045755234251 0.0527759391384468 0
1745 0.3900000000029532 0.02685109974676233 0
1746 0.03502137778226599 0.1393771964163768 0
1747 0.3950000000025773 0.05277568135622844 0
1748 0.1000000000027359 0.04411542731691368 0
1749 0.0950000000113065 0.03546685957743863 0
1750 0.1000000000069862 0.02686329315361296 0
1751 0.09500000000281486 0.01813466520336566 0
1752 0.1050000000042893 0.03547266264286808 0
1753 0.3400000000029393 0.1480384757722595 0
1754 0.5650000000026733 0.0700964434792431 0
1755 0.540000000002383 0.130717967697692 0
1756 0.8550000000009419 0.1566987298129195 0
1757 0.8500000000021968 0.06143880372536197 0
1758 0.8450000000021565 0.07009681986530465 0
1759 0.8600000000022081 0.06143950223832612 0
1760 0.865000000002172 0.0700969349966807 0
1761 0.1900000000025411 0.148038475771475 0
1762 0.1850000000025585 0.139378221733592 0
1763 0.1750000000025523 0.1393782217335292 0
1764 0.1950000000025827 0.1393782217336433 0
1765 0.180000000002521 0.130717967695704 0
1766 0.2000000000025673 0.1480384757715248 0
1767 0.2050000000026247 0.1393782217336827 0
1768 0.2150000000026259 0.1393782217337446 0
1769 0.2100000000025733 0.1307179676958553 0
1770 0.2000000000025495 0.1307179676958147 0
1771 0.2200000000026159 0.1480384757716312 0
1772 0.1700000000024771 0.1480384757713713 0
1773 0.1650000000024837 0.1393782217334735 0
1774 0.1600000000024122 0.1480384757713035 0
1775 0.6749999999991437 0.008660254037865935 0
1776 0.6699999999991318 0.01727347323530895 0
1777 0.659999999999111 0.0172656340952299 0
1778 0.6649999999991207 0.0259807621135907 0
1779 0.6799999999991538 0.01726563409523939 0
1780 0.6899999999991802 0.01726432757190643 0
1781 0.6849999999991626 0.025980762113592 0
1782 0.6949999999991958 0.008650890620562568 0
1783 0.6999999999992085 0.01726254924846503 0
1784 0.7099999999992336 0.01726381343078659 0
1785 0.7049999999992264 0.02598076211359203 0
1786 0.654999999999097 0.008651108374451629 0
1787 0.6504399451947362 0.0175785840569218 0
1788 0.6451466483976173 0.008699498570700135 0
1789 0.1200000000025182 0.09607695154405946 0
1790 0.9746267336922183 0.1045409738612191 0
1791 0.8249999999995371 0.008660254037866424 0
1792 0.8199999999995252 0.01727347323538824 0
1793 0.809999999999504 0.01731266893567703 0
1794 0.8149999999995178 0.02598076211359104 0
1795 0.8049999999995022 0.0259807621135963 0
1796 0.7999999999994839 0.017272166712043 0
1797 0.8049999999994891 0.008650890620579551 0
1798 0.8299999999995463 0.01726563409533298 0
1799 0.8399999999995671 0.01726432757200631 0
1800 0.834999999999553 0.02598076211359526 0
1801 0.8449999999995852 0.008650890620586743 0
1802 0.849999999999601 0.01726254924857499 0
1803 0.8549999999996207 0.008649033663797727 0
1804 0.8599999999996357 0.01730897820887354 0
1805 0.8549999999996248 0.02598076211360901 0
1806 0.8649999999996474 0.02598076211361645 0
1807 0.4400000000029716 0.04411616419950121 0
1808 0.5500000000025383 0.09607695154645284 0
1809 0.00951551115305564 0.04481524231416037 0
1810 0.2400000000026252 0.04411542731765679 0
1811 0.2500000000026252 0.04411542731771107 0
1812 0.2450000000026718 0.0354597692600386 0
1813 0.2400000000026382 0.09607695154471792 0
1814 0.09499999960095137 0.1913397457306055 0
1815 0.884988763573238 0.00865373039171158 0
1816 0.874998127261932 0.008659166763515087 0
1817 0.5050000000022657 0.1566987298109609 0
1818 0.6550000000017686 0.1566987298117696 0
1819 0.7949999999994661 0.008650636574375876 0
1820 0.7899999999994585 0.01726381343085177 0
1821 0.7799999999994252 0.01725618498782703 0
1822 0.7849999999994377 0.02598076211361258 0
1823 0.9350000000021438 0.08741669751080433 0
1824 0.9300000009111458 0.09607695113294575 0
1825 0.9350000010626274 0.1047372051015466 0
1826 0.3200000000025429 0.04411634106496259 0
1827 0.1900000000025906 0.09607695154444193 0
1828 0.7600000000021581 0.06143811004183582 0
1829 0.7500000000021647 0.06143829118456677 0
1830 0.4050000000017469 0.1913397459621365 0
1831 0.3950000000016989 0.1913397459621482 0
1832 0.3900000000016242 0.1826794919242407 0
1833 0.2750000000011472 0.1913397459621215 0
1834 0.2700000000011243 0.1826794919242421 0
1835 0.2600000000010869 0.1826794919242408 0
1836 0.2550000000010624 0.19133974596212 0
1837 0.2500000000010393 0.1826794919242401 0
1838 0.2400000000011327 0.1826794919241557 0
1839 0.245000000002513 0.174019237885452 0
1840 0.2350000000010033 0.1913397459621055 0
1841 0.2300000000010989 0.1826794919241468 0
1842 0.1750000000007725 0.1913397459620633 0
1843 0.1700000000008783 0.1826794919240682 0
1844 0.1600000000008382 0.182679491923887 0
1845 0.1650000000014338 0.1740192378854263 0
1846 0.1800000000010872 0.1826794919239034 0
1847 0.1900000000011666 0.1826794919240834 0
1848 0.1550000000006772 0.1913397459620596 0
1849 0.1500000000009785 0.1826794919236028 0
1850 0.1450000000006124 0.1913397459621129 0
1851 0.140000000001105 0.1826794919236279 0
1852 0.129999999998909 0.1826794919224276 0
1853 0.9450610263851719 0.008650959825378737 0
1854 0.9405679625499714 0.0175001284139427 0
1855 0.3750000000015994 0.191339745962142 0
1856 0.3700000000015404 0.1826794919242422 0
1857 0.3600000000016282 0.1826794919241926 0
1858 0.3550000000015246 0.1913397459621244 0
1859 0.3450000000014711 0.1913397459621353 0
1860 0.3400000000014142 0.1826794919242404 0
1861 0.7350000000014166 0.1566987298122009 0
1862 0.3250000000013735 0.191339745962132 0
1863 0.320000000001333 0.1826794919242423 0
1864 0.3100000000012954 0.1826794919242407 0
1865 0.3050000000012804 0.1913397459621234 0
1866 0.2950000000012392 0.1913397459621247 0
1867 0.2900000000012063 0.1826794919242407 0
1868 0.8550000000019833 0.1047372055860406 0
1869 0.8500000000018935 0.1133974596238295 0
1870 0.8400000000019362 0.1133974596237849 0
1871 0.8450000000017412 0.1220577136616647 0
1872 0.8350000000016544 0.1220577136615882 0
1873 0.8600000000017328 0.1133974596238511 0
1874 0.8350000000019993 0.1047372055859149 0
1875 0.9450000000023639 0.05277725630454924 0
1876 0.5650000000023614 0.1220577136600096 0
1877 0.1250000000002496 0.191339745961818 0
1878 0.1199999999984653 0.1826794919221605 0
1879 0.8300000000018815 0.1133974596236883 0
1880 0.7149999999992462 0.008650804930376791 0
1881 0.7199999999992591 0.01726244927659364 0
1882 0.7249999999992751 0.008649002720095941 0
1883 0.7299999999992837 0.01730895638958404 0
1884 0.7249999999992699 0.02598076211359325 0
1885 0.7349999999992889 0.02598076211360064 0
1886 0.7399999999993152 0.01726349106037033 0
1887 0.7449999999993271 0.008655683096111547 0
1888 0.420000000003125 0.1480384757726796 0
1889 0.6049332607101933 0.008613882951458329 0
1890 0.609771258336961 0.01718606332436589 0
1891 0.5999999999989524 0.01732050807573259 0
1892 0.6034962671358879 0.02599346680898529 0
1893 0.5949888767841427 0.008652525523465997 0
1894 0.5899981461297972 0.01727218514954721 0
1895 0.5799996910207187 0.01731245425470453 0
1896 0.5849999999989229 0.02598076211359857 0
1897 0.5749999999989059 0.0259807621136017 0
1898 0.5699999485025239 0.01727213093177246 0
1899 0.5749999399197959 0.008650848877040089 0
1900 0.5650721310030828 0.008703931935900553 0
1901 0.5609570056467152 0.01805569844579221 0
1902 0.5550000000020602 0.1740192378867803 0
1903 0.4200000000026917 0.09607695154570278 0
1904 0.4250000000026831 0.08741669750784595 0
1905 0.4350000000027426 0.0874166975079655 0
1906 0.4150000000025749 0.08741669750775813 0
1907 0.4200000000024989 0.07875644346980809 0
1908 0.4400000000026979 0.09607695154583168 0
1909 0.9450000000705296 0.07009619562071424 0
1910 0.1199999999826495 0.1480384757597374 0
1911 0.170000000002534 0.1307179676956445 0
1912 0.3350000000025729 0.03546968764420209 0
1913 0.4950000000023442 0.1393782217352615 0
1914 0.5350000000027841 0.05277698788053872 0
1915 0.4200000000030996 0.02684979322372987 0
1916 0.2250000000009651 0.1913397459621018 0
1917 0.2200000000010514 0.1826794919241504 0
1918 0.2100000000011557 0.1826794919240002 0
1919 0.2150000000023716 0.1740192378853964 0
1920 0.2050000000009352 0.1913397459620019 0
1921 0.1150000000001182 0.1913397459616608 0
1922 0.1099999998798044 0.1826794918530276 0
1923 0.2200000000026351 0.04411633626673055 0
1924 0.6850000000016565 0.1566987298119284 0
1925 0.02023505891842478 0.09619376974721412 0
1926 0.3000000000028389 0.1480384757720482 0
1927 0.2300000000026489 0.1480384757716836 0
1928 0.04000831589082947 0.02685459433151706 0
1929 0.8900000000021665 0.07875644347270008 0
1930 0.9000000000022745 0.06143743499907135 0
1931 0.9100000000022851 0.06143618533079215 0
1932 0.6850000000022516 0.1047372055850444 0
1933 0.2000000000026041 0.09607695154449722 0
1934 0.8700000000021373 0.07875656773291648 0
1935 0.9100000000021902 0.07875644347281732 0
1936 0.4500000000029528 0.04411628701299074 0
1937 0.08000000000256888 0.07875644346816731 0
1938 0.5500000000022691 0.14803847577337 0
1939 0.9913397459621841 0.07499999999980878 0
1940 0.09000000000248498 0.0960769515439034 0
1941 0.8699996878767103 0.01727137037855484 0
1942 0.5750000000021129 0.1566987298113104 0
1943 0.4692469885200524 0.02737115806781279 0
1944 0.7550000000013611 0.1566987298123226 0
1945 0.1100000000025892 0.07875644346830915 0
1946 0.8649999999995528 0.1913397459622165 0
1947 0.250000000002649 0.09607695154477081 0
1948 0.4600000000027513 0.07875644347029698 0
1949 0.4500000000027725 0.0787564434702427 0
1950 0.2700000000026072 0.04411695159506052 0
1951 0.1700000000026981 0.0441167338406406 0
1952 0.7250000000014745 0.1566987298121499 0
1953 0.7549999999993571 0.008650128796941842 0
1954 0.67500000000169 0.1566987298118707 0
1955 0.9350000000023535 0.05277725037360424 0
1956 0.05500022725026413 0.1220575824556053 0
1957 0.4150000000029341 0.05277568135652622 0
1958 0.57000000000229 0.1307179676978568 0
1959 0.2350000000026695 0.03546790862847384 0
1960 0.35000000000297 0.1480384757723088 0
1961 0.06000000192178327 0.04411699724233811 0
1962 0.4500000000026803 0.09607695154589216 0
1963 0.4900000000026039 0.09607695154612354 0
1964 0.3700000000025109 0.04411673384169884 0
1965 0.5950000000014229 0.1913397459622635 0
1966 0.9650814252143225 0.1566523425985977 0
1967 0.55500000000268 0.07009626806632918 0
1968 0.8350000000021623 0.07009645854236024 0
1969 0.8449999999996882 0.1913397459624108 0
1970 0.6150000000013021 0.19133974596239 0
1971 0.1200000000027299 0.04411695159426632 0
1972 0.4550000000028066 0.07009618943244253 0
1973 0.4450000000028266 0.07009618943238939 0
1974 0.7650000000002701 0.191339745962519 0
1975 0.7700000000014633 0.1307179676990179 0
1976 0.7650000000017113 0.1220577136611856 0
1977 0.06000000000217943 0.1480384757708244 0
1978 0.7450000000003827 0.1913397459623081 0
1979 0.5100000000027662 0.06143593539490131 0
1980 0.08500000000260961 0.0700961894303527 0
1981 0.6950000000007607 0.1913397459625607 0
1982 0.3100000000025595 0.04411745790451072 0
1983 0.4750000000025777 0.1047372055838564 0
1984 0.3900000000023404 0.07875644346976013 0
1985 0.00923026064778386 0.1461278483585605 0
1986 0.4550000000025448 0.1220577136593889 0
1987 0.114999999786278 0.1740192377607281 0
1988 0.2550000000026706 0.03546873746037318 0
1989 0.5300000000027448 0.06143615314889728 0
1990 0.4600000000025733 0.1307179676971902 0
1991 0.474998178761475 0.05277673285109521 0
1992 0.9926145799713956 0.02460675415561997 0
1993 0.2650000000026208 0.174019237885465 0
1994 0.5546066118645228 0.03568229602917783 0
1995 0.1600000000027111 0.04411663088891655 0
1996 0.09000000000256463 0.07875644346821736 0
1997 0.9151343505868406 0.03541336164634441 0
1998 0.1550000000024274 0.1220577136577619 0
1999 0.134999999996462 0.1740192378822038 0
2000 0.1850000000019947 0.1740192378853938 0
2001 0.8200000000021472 0.07875652509291617 0
2002 0.4799978752211919 0.06143716213798273 0
2003 0.4899978246311366 0.06143719134620668 0
2004 0.6450000000018137 0.15669872981171 0
2005 0.9050000000019642 0.1047372055862453 0
2006 0.2100000000026516 0.04411740653035182 0
2007 0.9350000000018698 0.139378221737911 0
2008 0.5850000000020655 0.1566987298113647 0
2009 0.02027100401725743 0.04458508162644426 0
2010 0.8350000000010077 0.1566987298128152 0
2011 0.8700000000011572 0.1307179676995287 0
2012 0.3600000000025229 0.04411663088997776 0
2013 0.9550002443216959 0.1220576754313393 0
2014 0.04500341415722676 0.1047352344183363 0
2015 0.9904658266430305 0.04486649403292813 0
2016 0.9300000000017161 0.1653589838514657 0
2017 0.0550002001923762 0.05277605523111463 0
2018 0.09500000000260519 0.07009618943040075 0
2019 0.8750000000009319 0.156698729813042 0
2020 0.9550000000023804 0.05277568135952657 0
2021 0.4850000000026572 0.08741669750826199 0
2022 0.6155662693546853 0.03503150201164029 0
2023 0.515000000002801 0.05277745968053489 0
2024 0.5300000000024104 0.1307179676976395 0
2025 0.4851344276974247 0.008710048581791601 0
2026 0.9150000000022405 0.07009623109061194 0
2027 0.9150000000019439 0.12205771366209 0
2028 0.05999978128013422 0.1826793656436386 0
2029 0.8400000000021335 0.07875659339550943 0
2030 0.5800000000022509 0.1307179676979213 0
2031 0.07999998298820277 0.1826794821004434 0
2032 0.5450000000025156 0.1047372055842555 0
2033 0.8100000000021487 0.07875652703620044 0
2034 0.02496907341372508 0.07022058716767571 0
2035 0.5049963575200136 0.05275017935474036 0
2036 0.2800000000011772 0.1826794919242463 0
2037 0.03498492658369745 0.1740105352435427 0
2038 0.7550000000021019 0.1047372055854243 0
2039 0.08000000000271749 0.04411542731680013 0
2040 0.4850000000024783 0.1220577136595726 0
2041 0.4700000000023606 0.1480384757729527 0
2042 0.485000000002563 0.1047372055839186 0
2043 0.9400000000017338 0.1653589838514866 0
2044 0.4950000000024919 0.122057713659647 0
2045 0.06500000000271136 0.0527756813545761 0
2046 0.4949826391879499 0.05275320241838231 0
2047 0.5099957504395821 0.0440893102634439 0
2048 0.9450000195761591 0.1047371971081759 0
2049 0.5350000000025352 0.1047372055842005 0
2050 0.8250000000020077 0.1047372055858392 0
2051 0.8950000000012073 0.1393782217375144 0
2052 0.5700000000026131 0.07875648581193466 0
2053 0.5250000000027907 0.05277931663737746 0
2054 0.805000000002158 0.07009696865476633 0
2055 0.5053180380463957 0.03546613351797481 0
2056 0.7900000000021731 0.07875654916241512 0
2057 0.5050000000024017 0.1393782217353282 0
2058 0.05499963456380637 0.1566985188227391 0
2059 0.4450000000027353 0.08741669750803543 0
2060 0.5150000000020266 0.1913397459622315 0
2061 0.07499997910818212 0.1566987177456002 0
2062 0.4800000000022893 0.1653589838486221 0
2063 0.8550000000021605 0.07009711933497968 0
2064 0.9050000000022327 0.07009648796682284 0
2065 0.5750000000026714 0.07009649554756486 0
2066 0.5300000000025769 0.09607695154634541 0
2067 0.05500082668935322 0.07009664830307472 0
2068 0.935000000001674 0.1740192378888208 0
2069 0.08999999899073048 0.1480384751869587 0
2070 0.04500204995059408 0.0874171770912098 0
2071 0.8600000000021336 0.07875652155296711 0
2072 0.7850000000021611 0.07009646531395226 0
2073 0.05500024793067203 0.0874167674505817 0
2074 0.4400000000027914 0.07875644347018138 0
2075 0.08999999999921296 0.1307179676934923 0
2076 0.1250000000023057 0.1220577136575467 0
2077 0.8750000000021902 0.07009697326360535 0
2078 0.8950000000022227 0.07009654141177256 0
2079 0.5350000000022843 0.1566987298111042 0
2080 0.09500000000093718 0.1220577136566355 0
2081 0.8850000000022054 0.07009705958450434 0
2082 0.5900000000025836 0.07875644347102467 0
2083 0.4300000000027508 0.07875644347006325 0
2084 0.1000000000025727 0.07875644346826424 0
2085 0.5150000000025523 0.1047372055840948 0
2086 0.0649999460345257 0.1566986986504847 0
2087 0.7700000000022287 0.07875644347204448 0
2088 0.5950000000026645 0.07009668869888636 0
2089 0.7600000000022413 0.07875644347198535 0
2090 0.1150000000026015 0.07009618943049559 0
2091 0.120000000002584 0.07875644346836624 0
2092 0.2850000000026759 0.1740192378855425 0
2093 0.6000000000021923 0.1307179676980304 0
2094 0.7550000000021517 0.07009639802405029 0
2095 0.6100000000025694 0.0787564708755245 0
2096 0.5850000000023045 0.1220577136601346 0
2097 0.8050000000011776 0.1566987298126608 0
2098 0.6050000000022722 0.122057713660226 0
2099 0.4900000000021335 0.1826794919243047 0
2100 0.2350000000023899 0.1740192378853913 0
2101 0.6150000000026479 0.07009670761057453 0
2102 0.6200000000021071 0.1307179676981572 0
2103 0.1350000000026079 0.07009618943060897 0
2104 0.7400000000022411 0.07875661462655394 0
2105 0.1400000000025928 0.0787564434684758 0
2106 0.6250000000022076 0.1220577136603522 0
2107 0.07999999553067737 0.1480384731892768 0
2108 0.1550000000026049 0.07009618943071495 0
2109 0.7300000000022335 0.07875659690523786 0
2110 0.1600000000025994 0.07875644346858134 0
2111 0.6300000000025077 0.07875645910285539 0
2112 0.6400000000020507 0.1307179676982556 0
2113 0.6400000000025159 0.07875647786435699 0
2114 0.7250000000021857 0.07009708959338266 0
2115 0.1750000000025959 0.07009618943080903 0
2116 0.3000000000013044 0.1826794919242631 0
2117 0.6450000000025 0.07009627989309034 0
2118 0.6450000000021561 0.1220577136604399 0
2119 0.1850000000025847 0.07009618943085888 0
2120 0.7100000000023384 0.07875645779639168 0
2121 0.7000000000022798 0.0787564712573422 0
2122 0.1900000000026079 0.07875644346875976 0
2123 0.6950000000021925 0.070096219462951 0
2124 0.6800000000023758 0.0787564434715651 0
2125 0.675000000002158 0.07009618943355586 0
2126 0.205000000002568 0.07009618943094495 0
2127 0.2150000000025608 0.07009618943100321 0
2128 0.2050000000022892 0.1740192378852105 0
2129 0.2200000000026542 0.07875644346894818 0
2130 0.6600000000019488 0.1307179676984124 0
2131 0.3050000000027301 0.1740192378856044 0
2132 0.6600000000023782 0.07875644347146667 0
2133 0.2350000000025539 0.07009618943110811 0
2134 0.2400000000026586 0.07875644346905949 0
2135 0.1199999999997541 0.1307179676938991 0
2136 0.1050000000012334 0.1220577136568488 0
2137 0.4250000000027887 0.07009618943219027 0
2138 0.6700000000019073 0.1307179676984694 0
2139 0.1099999999955523 0.130717967691433 0
2140 0.2550000000025393 0.07009618943119908 0
2141 0.2650000000025309 0.07009618943125812 0
2142 0.2700000000026737 0.07875644346921618 0
2143 0.6900000000018374 0.1307179676985892 0
2144 0.6750000000020704 0.122057713660622 0
2145 0.2850000000025246 0.07009618943136321 0
2146 0.315000000002636 0.1740192378857095 0
2147 0.7000000000017963 0.1307179676986403 0
2148 0.1350000000023122 0.1220577136576002 0
2149 0.2900000000026804 0.0787564434693416 0
2150 0.140000000002289 0.1307179676954511 0
2151 0.705000000001996 0.1220577136607955 0
2152 0.1500000000023651 0.1307179676955333 0
2153 0.1950000000009205 0.1913397459619831 0
2154 0.30500000000251 0.0700961894314629 0
2155 0.3100000000026504 0.07875644346937249 0
2156 0.1600000000024494 0.1307179676956041 0
2157 0.7200000000017697 0.1307179676987119 0
2158 0.415000000002598 0.07009618943207804 0
2159 0.4000000000023733 0.09607695154547356 0
2160 0.3300000000014785 0.1826794919243002 0
2161 0.2000000000012196 0.1826794919237268 0
2162 0.7250000000019468 0.1220577136608711 0
2163 0.1750000000024668 0.1220577136578286 0
2164 0.3400000000026916 0.07875644346961641 0
2165 0.1850000000024897 0.1220577136578984 0
2166 0.190000000002537 0.1307179676957671 0
2167 0.3350000000024026 0.07009618943154836 0
2168 0.3600000000026289 0.07875644346961859 0
2169 0.5300000000020884 0.1826794919244784 0
2170 0.5250000000020011 0.1913397459622355 0
2171 0.3250000000025401 0.07009618943158302 0
2172 0.3550000000024693 0.0700961894317009 0
2173 0.2050000000025258 0.1220577136580067 0
2174 0.3750000000024712 0.07009618943182724 0
2175 0.6300000000017103 0.1826794919249267 0
2176 0.2150000000025487 0.1220577136580756 0
2177 0.3350000000026917 0.1740192378857763 0
2178 0.7400000000016046 0.1307179676989246 0
2179 0.2200000000025958 0.130717967695924 0
2180 0.7600000000019591 0.1133974596232485 0
2181 0.750000000001581 0.1307179676989704 0
2182 0.775000000001649 0.12205771366126 0
2183 0.5450000000018486 0.19133974596229 0
2184 0.2350000000025703 0.1220577136581607 0
2185 0.3500000000016912 0.1826794919242501 0
2186 0.2450000000025982 0.1220577136582363 0
2187 0.250000000002665 0.1307179676960876 0
2188 0.7900000000015034 0.1307179676991149 0
2189 0.2650000000026244 0.1220577136583433 0
2190 0.2700000000026973 0.1307179676961971 0
2191 0.7950000000017661 0.1220577136612734 0
2192 0.3550000000028641 0.1740192378857541 0
2193 0.2850000000026491 0.1220577136584469 0
2194 0.5500000000019578 0.1826794919245208 0
2195 0.290000000002732 0.1307179676962961 0
2196 0.8100000000014306 0.1307179676992998 0
2197 0.3650000000027749 0.1740192378858583 0
2198 0.3050000000026612 0.1220577136585217 0
2199 0.3150000000026958 0.1220577136586056 0
2200 0.3200000000028029 0.1307179676964539 0
2201 0.8250000000017241 0.1220577136614166 0
2202 0.5650000000016968 0.1913397459623589 0
2203 0.8200000000013496 0.1307179676993702 0
2204 0.3350000000027189 0.1220577136587133 0
2205 0.6600000000015575 0.1826794919250687 0
2206 0.3400000000028319 0.1307179676965619 0
2207 0.3800000000017784 0.1826794919243521 0
2208 0.3550000000027295 0.122057713658781 0
2209 0.365000000002766 0.1220577136588701 0
2210 0.3700000000029036 0.130717967696716 0
2211 0.3850000000027604 0.1220577136589726 0
2212 0.840000000001357 0.1307179676994477 0
2213 0.3850000000025954 0.1740192378860881 0
2214 0.5750000000016025 0.1913397459623873 0
2215 0.3900000000029163 0.1307179676968218 0
2216 0.405000000002752 0.05277568135638856 0
2217 0.4500000000027679 0.1307179676971203 0
2218 0.405000000002764 0.1220577136590355 0
2219 0.4350000000027903 0.1220577136592022 0
2220 0.4150000000027448 0.122057713659082 0
2221 0.4000000000020771 0.1826794919241298 0
2222 0.420000000002983 0.1307179676969747 0
2223 0.8500000000012904 0.1307179676995087 0
2224 0.5800000000017003 0.1826794919246362 0
2225 0.8550000000015427 0.1220577136616937 0
2226 0.3800000000024882 0.07875644346968166 0
2227 0.4050000000029855 0.1740192378859095 0
2228 0.3850000000024711 0.08741669750754744 0
2229 0.7100000000013308 0.1826794919252623 0
2230 0.8650000000013948 0.1220577136616717 0
2231 0.7550000000017909 0.1220577136611175 0
2232 0.415000000002685 0.1740192378861292 0
2233 0.5900000000015617 0.1826794919246738 0
2234 0.3900000000024741 0.0960769515454062 0
2235 0.4300000000020927 0.1826794919243865 0
2236 0.4400000000029115 0.1307179676970812 0
2237 0.8750000000017403 0.1047372055860232 0
2238 0.4350000000030453 0.1740192378860102 0
2239 0.655000000002359 0.07009620451017992 0
2240 0.8950000000018754 0.1047372055861251 0
2241 0.4700000000023737 0.1826794919242299 0
2242 0.8900000000015043 0.1133974596239788 0
2243 0.4450000000028499 0.1740192378861699 0
2244 0.600000000001479 0.1826794919246967 0
2245 0.4600000000023008 0.1826794919242385 0
2246 0.650000000002392 0.06143796561364368 0
2247 0.6450000000024829 0.05278017194317548 0
2248 0.6400000000026428 0.04411874756655624 0
2249 0.644325666147618 0.03573638208546594 0
2250 0.6100000000014127 0.1826794919247431 0
2251 0.6200000000015207 0.1826794919247932 0
2252 0.8700000000015695 0.1133974596238226 0
2253 0.780000000001096 0.1826794919256275 0
2254 0.6350000000011441 0.1913397459626717 0
2255 0.4550000000028278 0.1393782217348214 0
2256 0.4600000000027657 0.1480384757727063 0
2257 0.4650000000027145 0.1566987298105525 0
2258 0.4700000000026828 0.165358983848371 0
2259 0.6450000000011121 0.1913397459626353 0
2260 0.4750000000025186 0.1740192378862901 0
2261 0.6500000000012947 0.1826794919249232 0
2262 0.8100000000012291 0.1826794919258262 0
2263 0.6650000000009861 0.191339745962753 0
2264 0.6750000000009008 0.1913397459627285 0
2265 0.6800000000010019 0.1826794919250198 0
2266 0.6900000000009137 0.1826794919250466 0
2267 0.7000000000010839 0.1826794919250877 0
2268 0.715000000000649 0.1913397459628923 0
2269 0.7250000000005602 0.1913397459628728 0
2270 0.730000000000669 0.182679491925189 0
2271 0.7400000000004163 0.1826794919252664 0
2272 0.7500000000004007 0.1826794919253025 0
2273 0.1550000000014116 0.1740192378852639 0
2274 0.9400000000012954 0.1826794919258557 0
2275 0.09999999891139602 0.1826794912938427 0
2276 0.760000000000366 0.1826794919253265 0
2277 0.05499988770180465 0.1913396811250317 0
2278 0.770000000000709 0.1826794919253535 0
2279 0.7850000000001826 0.1913397459631732 0
2280 0.7950000000001237 0.1913397459630956 0
2281 0.8000000000002504 0.1826794919255468 0
2282 0.8149999999998969 0.191339745963383 0
2283 0.8249999999998665 0.1913397459632461 0
2284 0.830000000000007 0.1826794919256587 0
2285 0.8399999999997275 0.1826794919256955 0
2286 0.8499999999996454 0.1826794919257369 0
2287 0.8599999999995854 0.1826794919257725 0
2288 0.869999999999585 0.1826794919257288 0
2289 0.8799999999996098 0.1826794919257317 0
2290 0.9450000000007465 0.1913397459629718 0
2291 0.8900000000001744 0.1826794919254641 0
2292 0.900000000000854 0.1826794919252279 0
2293 0.9100000000015757 0.1826794919251054 0
2294 0.9200000000014974 0.1826794919252706 0
2295 0.9300000000016208 0.1826794919251752 0
2296 0.9550000000009752 0.1913397459629176 0
2297 0.9600000000015819 0.182679491925504 0
2298 0.969991044108637 0.1826846626128102 0
2299 0.9799250929017527 0.1827227395598783 0
2300 0.9907884433817902 0.1837120723328609 0
2301 0.9792093062165663 0.1305777194232706 0
2302 0.9911381435965481 0.1145523517169812 0
2303 0.9751280252872097 0.008931203425248115 0
2304 0.9607676555434554 0.0264953703391639 0
2305 0.9498060263722992 0.01576356634757328 0
2306 0.939686107892268 0.02705320770014779 0
2307 0.925032461868208 0.0101359956777079 0
2308 0.9111196515017755 0.02614506508406894 0
2309 0.8955571400120772 0.03535278119462883 0
2310 0.8853611872747135 0.03559951092177297 0
2311 0.8748590839750151 0.02442182407523129 0
2312 0.8650000000022291 0.03609151199605379 0
2313 0.8554338470103058 0.03562436163515312 0
2314 0.8450000000001392 0.02438871486619353 0
2315 0.8350000000017621 0.03704758049644889 0
2316 0.8250000000000948 0.02439116096819517 0
2317 0.8150000000021733 0.03609158482672072 0
2318 0.8054338470102538 0.03562436961491174 0
2319 0.7950000000000392 0.02439053553060019 0
2320 0.7850000000017152 0.03704758272412611 0
2321 0.7749999999999911 0.02438927114663586 0
2322 0.7650000000021443 0.03609158485970565 0
2323 0.7554338470102249 0.03562436961861455 0
2324 0.7449999999999251 0.0243904710564349 0
2325 0.7350000000021345 0.03609151575677827 0
2326 0.7254338470102061 0.03562436208471825 0
2327 0.714999999999856 0.02438859204339826 0
2328 0.7050000000016537 0.03704758064484982 0
2329 0.6949999999998124 0.02438871486597232 0
2330 0.6850000000016361 0.03704789120337054 0
2331 0.6749999999997693 0.02439116096798356 0
2332 0.6650000000016225 0.03704790892484462 0
2333 0.641145262718238 0.01795933507134643 0
2334 0.6551603298810649 0.02548744540350249 0
2335 0.6250395094626244 0.01012520748353762 0
2336 0.605792847870165 0.0351416894383797 0
2337 0.5946988826532901 0.02440441908593875 0
2338 0.5850000000026732 0.03609122475613578 0
2339 0.5754338470107139 0.03562407821503285 0
2340 0.5651872462155481 0.02551262299728919 0
2341 0.5450324618675516 0.01013599567713522 0
2342 0.530773591123064 0.02648986093788318 0
2343 0.5187943584093588 0.01737555367317864 0
2344 0.4949722222225667 0.02520360844797679 0
2345 0.509069786875705 0.01761636330721082 0
2346 0.48113507880143 0.01796703011130705 0
2347 0.4646582215146877 0.01069415741806403 0
2348 0.4549750890308968 0.008057261590103561 0
2349 0.4450000000022285 0.01972426635125842 0
2350 0.4349999999988728 0.008378044994764636 0
2351 0.4249999999991225 0.008028333377922053 0
2352 0.415000000002292 0.01972426635113636 0
2353 0.4049999999998035 0.007091034656171682 0
2354 0.3849999999990187 0.008378044994534442 0
2355 0.3950000000021829 0.0197260954836503 0
2356 0.3749999999992349 0.00802833337771664 0
2357 0.3650000000019276 0.01972452765547727 0
2358 0.35499999999982 0.007091034656085538 0
2359 0.3450000000019355 0.01972725201548051 0
2360 0.3349999999991644 0.008378044994378822 0
2361 0.3249999999993737 0.008028333377580859 0
2362 0.3150000000019691 0.01972690443227417 0
2363 0.304999999999941 0.007091034656030337 0
2364 0.2950000000020076 0.01972645114790046 0
2365 0.2849999999999932 0.007091034656009368 0
2366 0.2750000000020442 0.0197242663504401 0
2367 0.2649999999993685 0.008378044994185698 0
2368 0.2549999999995741 0.008028333377406742 0
2369 0.2450000000020754 0.01972507168702836 0
2370 0.2349999999994559 0.00837804499409414 0
2371 0.2249999999996553 0.008028333377327305 0
2372 0.2150000000021026 0.01972683241851013 0
2373 0.2050000000001927 0.007091034655923977 0
2374 0.1950000000021391 0.01972457120556463 0
2375 0.1849999999996018 0.008378044993956609 0
2376 0.1749999999997975 0.008028333377203732 0
2377 0.1650000000021936 0.01972452765466465 0
2378 0.155000000000325 0.007091034655870687 0
2379 0.1450000000022126 0.01972843391745477 0
2380 0.1350000000003677 0.007091034655848933 0
2381 0.1250000000022307 0.01972426634982802 0
2382 0.115000000000409 0.00709103465582909 0
2383 0.1050000000030631 0.01972910032419785 0
2384 0.0950000000004208 0.007091034655805509 0
2385 0.08500000000688862 0.01875797543750145 0
2386 0.07500000000045319 0.007091034655786949 0
2387 0.06500000005846543 0.01875726718996783 0
2388 0.05499999999988902 0.008378044993575993 0
2389 0.04500000000006547 0.008028333376866261 0
2390 0.03501484499209623 0.01872237990061561 0
2391 0.02514276135945966 0.006893395989674769 0
2392 0.0252352007831177 0.122081816933975 0
2393 0.9840150935472722 0.0187551591323762 0
2394 0.02092936253098799 0.1307087502447532 0
2395 0.01590938490440139 0.009082449901495534 0
2396 0.01617524491052239 0.06997700013039368 0
2397 0.9837486271794289 0.06996135074599082 0
2398 0.9840523802202177 0.1384281647350001 0
2399 0.01602730630129975 0.1385185455007787 0
2400 0.9924979658913633 0.01481654854128581 0
2401 0.007257774790230449 0.1250717808436306 0
2402 0.01537498456379673 0.02064926657594911 0
2403 0.9930447650380713 0.1249999999998029 0
2404 0.01649269822410569 0.08867374178422195 0
2405 0.9833595831563899 0.08848754832950548 0
2406 0.006831586449394511 0.05500000000015251 0
2407 0.9931684135541768 0.05499999999986892 0
2408 0.9933219210767549 0.1748866789989744 0
2409 0.006678081011171867 0.1748866802047053 0
2410 0.006668968698253352 0.1050000000002614 0
2411 0.01679491924475646 0.03649147038617859 0
2412 0.9832050807584396 0.03649147039272469 0
2413 0.9831888043093316 0.1036915112660002 0
2414 0.9934491830895817 0.1553965697954034 0
2415 0.006553941908840871 0.1553989122766641 0
2416 0.007320508075731099 0.1926794919242875 0
2417 0.007320508075704477 0.007320508075716992 0
2418 0.9926794919242798 0.1926794919242868 0
2419 0.5024108300094136 0.02764170750401131 0
2420 0.9022353562071903 0.0261294003961608 0
2421 0.6476396711729817 0.0281576557298091 0
2422 0.632424275824278 0.01821250051301841 0
2423 0.5576396711728084 0.02815765572921474 0
2424 0.4875742152802877 0.02768617713396077 0
2425 0.4722204156615313 0.01866427107776882 0
2426 0.9927525489035596 0.007247451096427925 0
2427 0.5374452526812225 0.01728220159412075 0
2428 0.6178621040040008 0.01699536920202673 0
2429 0.6123241312694009 0.02565145549930391 0
2430 0.9675472486789271 0.0163875872467165 0
2431 0.9174498956114965 0.01720383806403243 0
2432 0.9325531656971497 0.01814751427257511 0
2433 0.5523436727154256 0.01837650633875695 0
2434 0.9868648531623931 0.1297086472056738 0
2435 0.013445837313201 0.1300108282306973 0
2436 0.01375048147737948 0.02938297460041405 0
2437 0.9861798210894982 0.02835394606984193 0
$EndNodes
$Elements
4872
1 1 2 1 1 1 5
2 1 2 1 1 5 6
3 1 2 1 1 6 7
4 1 2 1 1 7 8
5 1 2 1 1 8 9
6 1 2 1 1 9 10
7 1 2 1 1 10 11
8 1 2 1 1 11 12
9 1 2 1 1 12 13
10 1 2 1 1 13 14
11 1 2 1 1 14 15
12 1 2 1 1 15 16
13 1 2 1 1 16 17
14 1 2 1 1 17 18
15 1 2 1 1 18 19
16 1 2 1 1 19 20
17 1 2 1 1 20 21
18 1 2 1 1 21 22
19 1 2 1 1 22 23
20 1 2 1 1 23 24
21 1 2 1 1 24 25
22 1 2 1 1 25 26
23 1 2 1 1 26 27
24 1 2 1 1 27 28
25 1 2 1 1 28 29
26 1 2 1 1 29 30
27 1 2 1 1 30 31
28 1 2 1 1 31 32
29 1 2 1 1 32 33
30 1 2 1 1 33 34
31 1 2 1 1 34 35
32 1 2 1 1 35 36
33 1 2 1 1 36 37
34 1 2 1 1 37 38
35 1 2 1 1 38 39
36 1 2 1 1 39 40
37 1 2 1 1 40 41
38 1 2 1 1 41 42
39 1 2 1 1 42 43
40 1 2 1 1 43 44
41 1 2 1 1 44 45
42 1 2 1 1 45 46
43 1 2 1 1 46 47
44 1 2 1 1 47 48
45 1 2 1 1 48 49
46 1 2 1 1 49 50
47 1 2 1 1 50 51
48 1 2 1 1 51 52
49 1 2 1 1 52 53
50 1 2 1 1 53 54
51 1 2 1 1 54 55
52 1 2 1 1 55 56
53 1 2 1 1 56 57
54 1 2 1 1 57 58
55 1 2 1 1 58 59
56 1 2 1 1 59 60
57 1 2 1 1 60 61
58 1 2 1 1 61 62
59 1 2 1 1 62 63
60 1 2 1 1 63 64
61 1 2 1 1 64 65
62 1 2 1 1 65 66
63 1 2 1 1 66 67
64 1 2 1 1 67 68
65 1 2 1 1 68 69
66 1 2 1 1 69 70
67 1 2 1 1 70 71
68 1 2 1 1 71 72
69 1 2 1 1 72 73
70 1 2 1 1 73 74
71 1 2 1 1 74 75
72 1 2 1 1 75 76
73 1 2 1 1 76 77
74 1 2 1 1 77 78
75 1 2 1 1 78 79
76 1 2 1 1 79 80
77 1 2 1 1 80 81
78 1 2 1 1 81 82
79 1 2 1 1 82 83
80 1 2 1 1 83 84
81 1 2 1 1 84 85
82 1 2 1 1 85 86
83 1 2 1 1 86 87
84 1 2 1 1 87 88
85 1 2 1 1 88 89
86 1 2 1 1 89 90
87 1 2 1 1 90 91
88 1 2 1 1 91 92
89 1 2 1 1 92 93
90 1 2 1 1 93 94
91 1 2 1 1 94 95
92 1 2 1 1 95 96
93 1 2 1 1 96 97
94 1 2 1 1 97 98
95 1 2 1 1 98 99
96 1 2 1 1 99 100
97 1 2 1 1 100 101
98 1 2 1 1 101 102
99 1 2 1 1 102 103
100 1 2 1 1 103 2
101 1 2 2 2 2 104
102 1 2 2 2 104 105
103 1 2 2 2 105 106
104 1 2 2 2 106 107
105 1 2 2 2 107 108
106 1 2 2 2 108 109
107 1 2 2 2 109 110
108 1 2 2 2 110 111
109 1 2 2 2 111 112
110 1 2 2 2 112 113
111 1 2 2 2 113 114
112 1 2 2 2 114 115
113 1 2 2 2 115 116
114 1 2 2 2 116 117
115 1 2 2 2 117 118
116 1 2 2 2 118 119
117 1 2 2 2 119 120
118 1 2 2 2 120 121
119 1 2 2 2 121 122
120 1 2 2 2 122 3
121 1 2 3 3 3 123
122 1 2 3 3 123 124
123 1 2 3 3 124 125
124 1 2 3 3 125 126
125 1 2 3 3 126 127
126 1 2 3 3 127 128
127 1 2 3 3 128 129
128 1 2 3 3 129 130
129 1 2 3 3 130 131
130 1 2 3 3 131 132
131 1 2 3 3 132 133
132 1 2 3 3 133 134
133 1 2 3 3 134 135
134 1 2 3 3 135 136
135 1 2 3 3 136 137
136 1 2 3 3 137 138
137 1 2 3 3 138 139
138 1 2 3 3 139 140
139 1 2 3 3 140 141
140 1 2 3 3 141 142
141 1 2 3 3 142 143
142 1 2 3 3 143 144
143 1 2 3 3 144 145
144 1 2 3 3 145 146
145 1 2 3 3 146 147
146 1 2 3 3 147 148
147 1 2 3 3 148 149
148 1 2 3 3 149 150
149 1 2 3 3 150 151
150 1 2 3 3 151 152
151 1 2 3 3 152 153
152 1 2 3 3 153 154
153 1 2 3 3 154 155
154 1 2 3 3 155 156
155 1 2 3 3 156 157
156 1 2 3 3 157 158
157 1 2 3 3 158 159
158 1 2 3 3 159 160
159 1 2 3 3 160 161
160 1 2 3 3 161 162
161 1 2 3 3 162 163
162 1 2 3 3 163 164
163 1 2 3 3 164 165
164 1 2 3 3 165 166
165 1 2 3 3 166 167
166 1 2 3 3 167 168
167 1 2 3 3 168 169
168 1 2 3 3 169 170
169 1 2 3 3 170 171
170 1 2 3 3 171 172
171 1 2 3 3 172 173
172 1 2 3 3 173 174
173 1 2 3 3 174 175
174 1 2 3 3 175 176
175 1 2 3 3 176 177
176 1 2 3 3 177 178
177 1 2 3 3 178 179
178 1 2 3 3 179 180
179 1 2 3 3 180 181
180 1 2 3 3 181 182
181 1 2 3 3 182 183
182 1 2 3 3 183 184
183 1 2 3 3 184 185
184 1 2 3 3 185 186
185 1 2 3 3 186 187
186 1 2 3 3 187 188
187 1 2 3 3 188 189
188 1 2 3 3 189 190
189 1 2 3 3 190 191
190 1 2 3 3 191 192
191 1 2 3 3 192 193
192 1 2 3 3 193 194
193 1 2 3 3 194 195
194 1 2 3 3 195 196
195 1 2 3 3 196 197
196 1 2 3 3 197 198
197 1 2 3 3 198 199
198 1 2 3 3 199 200
199 1 2 3 3 200 201
200 1 2 3 3 201 202
201 1 2 3 3 202 203
202 1 2 3 3 203 204
203 1 2 3 3 204 205
204 1 2 3 3 205 206
205 1 2 3 3 206 207
206 1 2 3 3 207 208
207 1 2 3 3 208 209
208 1 2 3 3 209 210
209 1 2 3 3 210 211
210 1 2 3 3 211 212
211 1 2 3 3 212 213
212 1 2 3 3 213 214
213 1 2 3 3 214 215
214 1 2 3 3 215 216
215 1 2 3 3 216 217
216 1 2 3 3 217 218
217 1 2 3 3 218 219
218 1 2 3 3 219 220
219 1 2 3 3 220 221
220 1 2 3 3 221 4
221 1 2 4 4 4 222
222 1 2 4 4 222 223
223 1 2 4 4 223 224
224 1 2 4 4 224 225
225 1 2 4 4 225 226
226 1 2 4 4 226 227
227 1 2 4 4 227 228
228 1 2 4 4 228 229
229 1 2 4 4 229 230
230 1 2 4 4 230 231
231 1 2 4 4 231 232
232 1 2 4 4 232 233
233 1 2 4 4 233 234
234 1 2 4 4 234 235
235 1 2 4 4 235 236
236 1 2 4 4 236 237
237 1 2 4 4 237 238
238 1 2 4 4 238 239
239 1 2 4 4 239 240
240 1 2 4 4 240 1
241 2 2 5 1 1287 284 1288
242 2 2 5 1 1556 281 1557
243 2 2 5 1 2302 1282 2413
244 2 2 5 1 276 2302 2413
245 2 2 5 1 1737 2309 2310
246 2 2 5 1 1738 1737 2310
247 2 2 5 1 1806 2312 2313
248 2 2 5 1 1805 1806 2313
249 2 2 5 1 1794 2317 2318
250 2 2 5 1 1795 1794 2318
251 2 2 5 1 1725 2322 2323
252 2 2 5 1 1726 1725 2323
253 2 2 5 1 1885 2325 2326
254 2 2 5 1 1884 1885 2326
255 2 2 5 1 1896 2338 2339
256 2 2 5 1 1897 1896 2339
257 2 2 5 1 2354 1273 2356
258 2 2 5 1 2360 1679 2361
259 2 2 5 1 1285 1273 2354
260 2 2 5 1 1680 1679 2360
261 2 2 5 1 2370 1617 2371
262 2 2 5 1 1618 1617 2370
263 2 2 5 1 2367 1668 2368
264 2 2 5 1 1667 1668 2367
265 2 2 5 1 2375 1604 2376
266 2 2 5 1 1716 1604 2375
267 2 2 5 1 2388 1284 2389
268 2 2 5 1 1279 1284 2388
269 2 2 5 1 2343 1196 2345
270 2 2 5 1 1195 1196 2343
271 2 2 5 1 2347 1272 2348
272 2 2 5 1 1286 1272 2347
273 2 2 5 1 2350 1412 2351
274 2 2 5 1 1411 1412 2350
275 2 2 5 1 1288 284 2406
276 2 2 5 1 281 1556 2407
277 2 2 5 1 1027 1854 2305
278 2 2 5 1 1854 1027 2306
279 2 2 5 1 926 1806 2311
280 2 2 5 1 1806 926 2312
281 2 2 5 1 1800 927 2315
282 2 2 5 1 927 1800 2314
283 2 2 5 1 1794 939 2317
284 2 2 5 1 939 1794 2316
285 2 2 5 1 931 1896 2337
286 2 2 5 1 1896 931 2338
287 2 2 5 1 928 1822 2319
288 2 2 5 1 1822 928 2320
289 2 2 5 1 1725 940 2322
290 2 2 5 1 940 1725 2321
291 2 2 5 1 929 1885 2324
292 2 2 5 1 1885 929 2325
293 2 2 5 1 1272 255 2348
294 2 2 5 1 255 1272 2349
295 2 2 5 1 1785 930 2328
296 2 2 5 1 930 1785 2327
297 2 2 5 1 941 1781 2329
298 2 2 5 1 1781 941 2330
299 2 2 5 1 1412 318 2351
300 2 2 5 1 318 1412 2352
301 2 2 5 1 1778 942 2332
302 2 2 5 1 942 1778 2331
303 2 2 5 1 1313 254 2353
304 2 2 5 1 254 1313 2355
305 2 2 5 1 1273 317 2356
306 2 2 5 1 317 1273 2357
307 2 2 5 1 1521 253 2358
308 2 2 5 1 253 1521 2359
309 2 2 5 1 1679 320 2361
310 2 2 5 1 320 1679 2362
311 2 2 5 1 1676 252 2363
312 2 2 5 1 252 1676 2364
313 2 2 5 1 1664 319 2365
314 2 2 5 1 319 1664 2366
315 2 2 5 1 1668 251 2368
316 2 2 5 1 251 1668 2369
317 2 2 5 1 1617 316 2371
318 2 2 5 1 316 1617 2372
319 2 2 5 1 1614 250 2373
320 2 2 5 1 250 1614 2374
321 2 2 5 1 1604 322 2376
322 2 2 5 1 322 1604 2377
323 2 2 5 1 1607 249 2378
324 2 2 5 1 249 1607 2379
325 2 2 5 1 1626 315 2380
326 2 2 5 1 315 1626 2381
327 2 2 5 1 1733 274 2382
328 2 2 5 1 274 1733 2383
329 2 2 5 1 1751 313 2384
330 2 2 5 1 313 1751 2385
331 2 2 5 1 1278 279 2386
332 2 2 5 1 279 1278 2387
333 2 2 5 1 1284 293 2389
334 2 2 5 1 293 1284 2390
335 2 2 5 1 1027 1715 2304
336 2 2 5 1 1715 1027 2305
337 2 2 5 1 926 1738 2310
338 2 2 5 1 1738 926 2311
339 2 2 5 1 1805 927 2314
340 2 2 5 1 927 1805 2313
341 2 2 5 1 939 1800 2315
342 2 2 5 1 1800 939 2316
343 2 2 5 1 928 1795 2318
344 2 2 5 1 1795 928 2319
345 2 2 5 1 940 1822 2320
346 2 2 5 1 1822 940 2321
347 2 2 5 1 929 1726 2323
348 2 2 5 1 1726 929 2324
349 2 2 5 1 930 1884 2326
350 2 2 5 1 1884 930 2327
351 2 2 5 1 941 1785 2328
352 2 2 5 1 1785 941 2329
353 2 2 5 1 942 1781 2330
354 2 2 5 1 1781 942 2331
355 2 2 5 1 1261 1778 2332
356 2 2 5 1 1778 1261 2334
357 2 2 5 1 931 1892 2336
358 2 2 5 1 1892 931 2337
359 2 2 5 1 932 1897 2339
360 2 2 5 1 1897 932 2340
361 2 2 5 1 1385 1195 2343
362 2 2 5 1 1195 1385 2342
363 2 2 5 1 1285 254 2355
364 2 2 5 1 254 1285 2354
365 2 2 5 1 1521 317 2357
366 2 2 5 1 317 1521 2358
367 2 2 5 1 1680 253 2359
368 2 2 5 1 253 1680 2360
369 2 2 5 1 1411 255 2349
370 2 2 5 1 255 1411 2350
371 2 2 5 1 320 1676 2363
372 2 2 5 1 1676 320 2362
373 2 2 5 1 1664 252 2364
374 2 2 5 1 252 1664 2365
375 2 2 5 1 1313 318 2352
376 2 2 5 1 318 1313 2353
377 2 2 5 1 319 1667 2367
378 2 2 5 1 1667 319 2366
379 2 2 5 1 1618 251 2369
380 2 2 5 1 251 1618 2370
381 2 2 5 1 316 1614 2373
382 2 2 5 1 1614 316 2372
383 2 2 5 1 1716 250 2374
384 2 2 5 1 250 1716 2375
385 2 2 5 1 322 1607 2378
386 2 2 5 1 1607 322 2377
387 2 2 5 1 1626 249 2379
388 2 2 5 1 249 1626 2380
389 2 2 5 1 1733 315 2381
390 2 2 5 1 315 1733 2382
391 2 2 5 1 1751 274 2383
392 2 2 5 1 274 1751 2384
393 2 2 5 1 1278 313 2385
394 2 2 5 1 313 1278 2386
395 2 2 5 1 1279 279 2387
396 2 2 5 1 279 1279 2388
397 2 2 5 1 1280 293 2390
398 2 2 5 1 293 1280 2391
399 2 2 5 1 2303 332 2393
400 2 2 5 1 1274 2303 2393
401 2 2 5 1 2307 278 2432
402 2 2 5 1 2341 306 2433
403 2 2 5 1 1268 2304 2430
404 2 2 5 1 1199 2308 2431
405 2 2 5 1 2022 2336 2429
406 2 2 5 1 1193 2342 2427
407 2 2 5 1 2333 1787 2421
408 2 2 5 1 2335 260 2422
409 2 2 5 1 2346 1377 2424
410 2 2 5 1 2347 314 2425
411 2 2 5 1 938 2309 2420
412 2 2 5 1 1376 2345 2419
413 2 2 5 1 1277 2341 2433
414 2 2 5 1 1275 2307 2432
415 2 2 5 1 2304 1715 2430
416 2 2 5 1 2308 1740 2431
417 2 2 5 1 2336 1892 2429
418 2 2 5 1 2342 1385 2427
419 2 2 5 1 1201 2333 2421
420 2 2 5 1 1286 2347 2425
421 2 2 5 1 1197 2346 2424
422 2 2 5 1 1276 2335 2422
423 2 2 5 1 2309 1737 2420
424 2 2 5 1 2345 1196 2419
425 2 2 5 1 1211 1332 1333
426 2 2 5 1 330 1331 1939
427 2 2 5 1 2395 1280 2402
428 2 2 5 1 2391 1280 2395
429 2 2 5 1 1294 1296 1523
430 2 2 5 1 1342 1340 1985
431 2 2 5 1 1289 321 1290
432 2 2 5 1 1294 1523 2414
433 2 2 5 1 1985 1340 2415
434 2 2 5 1 1332 1211 2404
435 2 2 5 1 1331 330 2405
436 2 2 5 1 121 122 2300
437 2 2 5 1 222 223 1336
438 2 2 5 1 1290 275 1925
439 2 2 5 1 1292 291 1293
440 2 2 5 1 1337 294 1339
441 2 2 5 1 1281 1389 2413
442 2 2 5 1 321 1289 1291
443 2 2 5 1 2300 122 2418
444 2 2 5 1 222 1336 2416
445 2 2 5 1 2009 1809 2411
446 2 2 5 1 2015 1555 2412
447 2 2 5 1 291 1292 1294
448 2 2 5 1 1339 294 1340
449 2 2 5 1 1290 321 2410
450 2 2 5 1 1283 1282 2302
451 2 2 5 1 1288 1809 2009
452 2 2 5 1 1556 1555 2015
453 2 2 5 1 1211 1333 2396
454 2 2 5 1 1939 1331 2397
455 2 2 5 1 1389 276 2413
456 2 2 5 1 284 1287 2396
457 2 2 5 1 1557 281 2397
458 2 2 5 1 1809 289 2411
459 2 2 5 1 292 2015 2412
460 2 2 5 1 275 1290 2410
461 2 2 5 1 1271 2393 2437
462 2 2 5 1 2393 1992 2437
463 2 2 5 1 1925 275 2404
464 2 2 5 1 1389 1281 2405
465 2 2 5 1 951 993 1341
466 2 2 5 1 1295 1186 1966
467 2 2 5 1 990 1342 1343
468 2 2 5 1 1296 1038 1297
469 2 2 5 1 990 1341 1342
470 2 2 5 1 1295 1038 1296
471 2 2 5 1 993 1339 1341
472 2 2 5 1 990 951 1341
473 2 2 5 1 1038 1295 1966
474 2 2 5 1 1292 1186 1295
475 2 2 5 1 1339 1340 1341
476 2 2 5 1 1294 1292 1295
477 2 2 5 1 1291 1289 2392
478 2 2 5 1 1293 291 2408
479 2 2 5 1 294 1337 2409
480 2 2 5 1 1343 1016 1746
481 2 2 5 1 990 1343 1746
482 2 2 5 1 1036 1039 1297
483 2 2 5 1 1038 1036 1297
484 2 2 5 1 1341 1340 1342
485 2 2 5 1 1294 1295 1296
486 2 2 5 1 1297 1039 2301
487 2 2 5 1 993 1338 1339
488 2 2 5 1 1302 1338 2037
489 2 2 5 1 1338 993 2037
490 2 2 5 1 1302 1335 1338
491 2 2 5 1 287 1298 1301
492 2 2 5 1 218 287 1301
493 2 2 5 1 216 217 2277
494 2 2 5 1 1298 287 1302
495 2 2 5 1 257 1814 2275
496 2 2 5 1 1086 1165 1845
497 2 2 5 1 1165 1843 1845
498 2 2 5 1 217 218 1301
499 2 2 5 1 219 220 1334
500 2 2 5 1 1299 277 2028
501 2 2 5 1 1844 1849 2273
502 2 2 5 1 277 1299 1730
503 2 2 5 1 1730 1299 2031
504 2 2 5 1 300 1730 2031
505 2 2 5 1 1300 300 2031
506 2 2 5 1 300 1300 1814
507 2 2 5 1 1302 1334 1335
508 2 2 5 1 1922 1072 1987
509 2 2 5 1 1878 1922 1987
510 2 2 5 1 1164 1878 1987
511 2 2 5 1 1164 1852 1878
512 2 2 5 1 1852 1164 1999
513 2 2 5 1 1851 1852 1999
514 2 2 5 1 217 1301 2277
515 2 2 5 1 1157 1851 1999
516 2 2 5 1 1157 1849 1851
517 2 2 5 1 1084 1086 1845
518 2 2 5 1 1843 1165 1846
519 2 2 5 1 1158 1847 2000
520 2 2 5 1 1814 1300 2275
521 2 2 5 1 1847 1846 2000
522 2 2 5 1 954 994 2037
523 2 2 5 1 1159 1917 1919
524 2 2 5 1 1159 1841 1917
525 2 2 5 1 1838 1841 2100
526 2 2 5 1 1841 1159 2100
527 2 2 5 1 220 331 1334
528 2 2 5 1 1919 1918 2128
529 2 2 5 1 287 219 1334
530 2 2 5 1 1846 1165 2000
531 2 2 5 1 1849 1157 2273
532 2 2 5 1 1173 1837 1839
533 2 2 5 1 1917 1918 1919
534 2 2 5 1 1839 1838 2100
535 2 2 5 1 1173 1835 1837
536 2 2 5 1 1847 1158 2161
537 2 2 5 1 1835 1173 1993
538 2 2 5 1 1837 1838 1839
539 2 2 5 1 1366 2253 2278
540 2 2 5 1 1834 1835 1993
541 2 2 5 1 2128 1918 2161
542 2 2 5 1 1174 1834 1993
543 2 2 5 1 1834 1174 2036
544 2 2 5 1 1359 2262 2281
545 2 2 5 1 2036 1174 2092
546 2 2 5 1 1867 2036 2092
547 2 2 5 1 1867 1160 2116
548 2 2 5 1 1160 1867 2092
549 2 2 5 1 1303 1317 1522
550 2 2 5 1 2116 1160 2131
551 2 2 5 1 1303 1213 1317
552 2 2 5 1 1304 1217 1318
553 2 2 5 1 807 1314 2027
554 2 2 5 1 807 1219 1309
555 2 2 5 1 1309 1219 2051
556 2 2 5 1 807 1309 1314
557 2 2 5 1 1864 2131 2146
558 2 2 5 1 1863 1864 2146
559 2 2 5 1 1864 2116 2131
560 2 2 5 1 1863 1176 2160
561 2 2 5 1 949 988 1745
562 2 2 5 1 1435 2229 2267
563 2 2 5 1 2160 1176 2177
564 2 2 5 1 1158 2128 2161
565 2 2 5 1 1860 1161 2185
566 2 2 5 1 1176 1863 2146
567 2 2 5 1 2185 1161 2192
568 2 2 5 1 1860 2160 2177
569 2 2 5 1 987 1304 1318
570 2 2 5 1 997 1305 1307
571 2 2 5 1 797 997 1307
572 2 2 5 1 1904 1907 2083
573 2 2 5 1 1857 2192 2197
574 2 2 5 1 1393 1394 2245
575 2 2 5 1 1856 1857 2197
576 2 2 5 1 993 954 2037
577 2 2 5 1 1161 1860 2177
578 2 2 5 1 994 1298 2037
579 2 2 5 1 1053 1314 1315
580 2 2 5 1 484 367 2159
581 2 2 5 1 1314 1053 2027
582 2 2 5 1 1856 1177 2207
583 2 2 5 1 1053 1315 2005
584 2 2 5 1 1219 1317 2051
585 2 2 5 1 1317 1219 1522
586 2 2 5 1 1394 1180 2245
587 2 2 5 1 1857 2185 2192
588 2 2 5 1 2207 1177 2213
589 2 2 5 1 1310 1171 1906
590 2 2 5 1 1213 1303 1318
591 2 2 5 1 484 1310 1906
592 2 2 5 1 277 216 2277
593 2 2 5 1 1508 1510 2182
594 2 2 5 1 1832 1162 2221
595 2 2 5 1 1424 2175 2251
596 2 2 5 1 2221 1162 2227
597 2 2 5 1 1920 2153 2161
598 2 2 5 1 1005 1747 2216
599 2 2 5 1 1310 484 2159
600 2 2 5 1 1177 1856 2197
601 2 2 5 1 1426 2205 2261
602 2 2 5 1 1399 2227 2232
603 2 2 5 1 1398 1399 2232
604 2 2 5 1 1305 997 1312
605 2 2 5 1 1398 1163 2235
606 2 2 5 1 842 1308 1957
607 2 2 5 1 1832 2207 2213
608 2 2 5 1 1302 287 1334
609 2 2 5 1 1922 257 2275
610 2 2 5 1 1298 1302 2037
611 2 2 5 1 1904 1906 1907
612 2 2 5 1 1303 987 1318
613 2 2 5 1 1162 1832 2213
614 2 2 5 1 2235 1163 2238
615 2 2 5 1 1510 960 2182
616 2 2 5 1 128 280 2290
617 2 2 5 1 988 1285 1745
618 2 2 5 1 997 949 1745
619 2 2 5 1 797 1307 1747
620 2 2 5 1 1394 1395 2243
621 2 2 5 1 1395 2238 2243
622 2 2 5 1 1399 2221 2227
623 2 2 5 1 1842 1843 1846
624 2 2 5 1 309 1842 1846
625 2 2 5 1 1906 1171 1907
626 2 2 5 1 1845 1844 2273
627 2 2 5 1 1163 1398 2232
628 2 2 5 1 337 1534 2060
629 2 2 5 1 1171 1006 2158
630 2 2 5 1 369 371 2234
631 2 2 5 1 337 1533 1534
632 2 2 5 1 2083 1907 2137
633 2 2 5 1 338 479 1533
634 2 2 5 1 842 2137 2158
635 2 2 5 1 1308 842 2158
636 2 2 5 1 1404 1403 2222
637 2 2 5 1 453 1404 2222
638 2 2 5 1 1395 2235 2238
639 2 2 5 1 1397 1398 2235
640 2 2 5 1 367 369 2159
641 2 2 5 1 1517 1516 2196
642 2 2 5 1 337 338 1533
643 2 2 5 1 1094 1096 1919
644 2 2 5 1 1096 1159 1919
645 2 2 5 1 2137 1907 2158
646 2 2 5 1 2153 1847 2161
647 2 2 5 1 725 724 1747
648 2 2 5 1 1517 922 2191
649 2 2 5 1 479 1532 1533
650 2 2 5 1 660 1559 2125
651 2 2 5 1 816 1373 1439
652 2 2 5 1 2201 923 2203
653 2 2 5 1 1457 1456 2178
654 2 2 5 1 605 1551 2123
655 2 2 5 1 1918 1920 2161
656 2 2 5 1 1911 1773 2156
657 2 2 5 1 573 589 2237
658 2 2 5 1 309 1846 1847
659 2 2 5 1 959 1652 2164
660 2 2 5 1 921 2168 2172
661 2 2 5 1 1404 453 2219
662 2 2 5 1 2124 660 2125
663 2 2 5 1 1373 1374 1439
664 2 2 5 1 1374 1438 1439
665 2 2 5 1 1254 1316 2242
666 2 2 5 1 2196 1516 2203
667 2 2 5 1 1180 1394 2243
668 2 2 5 1 1214 1213 1318
669 2 2 5 1 600 1545 2114
670 2 2 5 1 1457 920 2162
671 2 2 5 1 1872 1871 2212
672 2 2 5 1 1507 1976 2180
673 2 2 5 1 1217 1214 1318
674 2 2 5 1 1872 923 2201
675 2 2 5 1 1507 1508 2182
676 2 2 5 1 1831 1832 2221
677 2 2 5 1 1907 1171 2158
678 2 2 5 1 1494 1495 2206
679 2 2 5 1 479 1531 1532
680 2 2 5 1 2121 605 2123
681 2 2 5 1 959 2164 2167
682 2 2 5 1 1544 1545 2120
683 2 2 5 1 1567 1568 2195
684 2 2 5 1 919 1648 2155
685 2 2 5 1 922 2188 2191
686 2 2 5 1 1503 1500 2215
687 2 2 5 1 1498 1496 2210
688 2 2 5 1 773 775 2097
689 2 2 5 1 921 1657 2168
690 2 2 5 1 1531 479 1817
691 2 2 5 1 2212 1871 2223
692 2 2 5 1 1544 2120 2121
693 2 2 5 1 599 1549 2094
694 2 2 5 1 2178 1456 2181
695 2 2 5 1 1747 1307 2216
696 2 2 5 1 1319 1531 1817
697 2 2 5 1 2167 1647 2171
698 2 2 5 1 1647 1648 2171
699 2 2 5 1 346 1319 1817
700 2 2 5 1 1559 660 2132
701 2 2 5 1 1551 2124 2125
702 2 2 5 1 295 1328 2099
703 2 2 5 1 2169 323 2170
704 2 2 5 1 813 771 1370
705 2 2 5 1 1446 917 2144
706 2 2 5 1 962 1641 2149
707 2 2 5 1 1855 1856 2207
708 2 2 5 1 1512 1517 2191
709 2 2 5 1 452 1503 2215
710 2 2 5 1 963 1637 2142
711 2 2 5 1 779 781 2010
712 2 2 5 1 970 2223 2225
713 2 2 5 1 1362 813 1370
714 2 2 5 1 918 1633 2134
715 2 2 5 1 1551 605 2124
716 2 2 5 1 654 1498 2210
717 2 2 5 1 1571 1569 2200
718 2 2 5 1 589 1316 2237
719 2 2 5 1 450 1494 2206
720 2 2 5 1 2175 324 2251
721 2 2 5 1 2154 919 2155
722 2 2 5 1 1590 1591 2179
723 2 2 5 1 346 1913 2057
724 2 2 5 1 453 362 2219
725 2 2 5 1 1548 1549 2104
726 2 2 5 1 1504 1503 2218
727 2 2 5 1 2109 600 2114
728 2 2 5 1 1902 1390 2194
729 2 2 5 1 1544 2121 2123
730 2 2 5 1 814 1355 1358
731 2 2 5 1 589 2240 2242
732 2 2 5 1 2220 453 2222
733 2 2 5 1 2145 962 2149
734 2 2 5 1 771 773 1370
735 2 2 5 1 1823 1380 1824
736 2 2 5 1 1319 346 2057
737 2 2 5 1 1447 1446 2144
738 2 2 5 1 650 1487 2072
739 2 2 5 1 1316 589 2242
740 2 2 5 1 1450 964 2151
741 2 2 5 1 1504 2218 2220
742 2 2 5 1 1379 1380 1823
743 2 2 5 1 2211 452 2215
744 2 2 5 1 2141 963 2142
745 2 2 5 1 1548 2104 2109
746 2 2 5 1 1452 1457 2162
747 2 2 5 1 1320 1220 1330
748 2 2 5 1 2229 244 2267
749 2 2 5 1 616 1379 1823
750 2 2 5 1 1355 814 1369
751 2 2 5 1 916 1689 2122
752 2 2 5 1 1632 1633 2140
753 2 2 5 1 818 1349 1351
754 2 2 5 1 1328 1166 2099
755 2 2 5 1 1545 600 2120
756 2 2 5 1 1534 2169 2170
757 2 2 5 1 1859 1860 2185
758 2 2 5 1 813 1362 1365
759 2 2 5 1 1369 779 2010
760 2 2 5 1 1312 997 1745
761 2 2 5 1 1482 1483 2096
762 2 2 5 1 1632 2140 2141
763 2 2 5 1 1446 1445 2143
764 2 2 5 1 1594 1592 2187
765 2 2 5 1 2253 326 2278
766 2 2 5 1 724 797 1747
767 2 2 5 1 1720 1718 2190
768 2 2 5 1 964 2147 2151
769 2 2 5 1 1005 725 1747
770 2 2 5 1 1048 1320 1330
771 2 2 5 1 449 1567 2195
772 2 2 5 1 1488 1487 2087
773 2 2 5 1 2209 654 2210
774 2 2 5 1 1493 1494 2208
775 2 2 5 1 1308 1005 2216
776 2 2 5 1 1548 2109 2114
777 2 2 5 1 1370 773 2097
778 2 2 5 1 2168 1652 2172
779 2 2 5 1 1648 1643 2155
780 2 2 5 1 968 1693 2129
781 2 2 5 1 920 2157 2162
782 2 2 5 1 1549 599 2104
783 2 2 5 1 1328 2241 2260
784 2 2 5 1 1455 2180 2231
785 2 2 5 1 2143 1445 2147
786 2 2 5 1 1100 1102 1839
787 2 2 5 1 1477 915 2118
788 2 2 5 1 1102 1173 1839
789 2 2 5 1 1488 2087 2089
790 2 2 5 1 1493 2208 2209
791 2 2 5 1 616 1326 1379
792 2 2 5 1 777 779 1369
793 2 2 5 1 1220 1221 1330
794 2 2 5 1 1428 809 1464
795 2 2 5 1 1619 1669 1812
796 2 2 5 1 1689 1690 2122
797 2 2 5 1 1429 1463 1465
798 2 2 5 1 656 1571 2200
799 2 2 5 1 1463 1429 1464
800 2 2 5 1 1697 1696 2135
801 2 2 5 1 813 1365 1518
802 2 2 5 1 2089 599 2094
803 2 2 5 1 598 1525 2054
804 2 2 5 1 1913 1579 2057
805 2 2 5 1 2133 918 2134
806 2 2 5 1 1770 1764 2166
807 2 2 5 1 1879 1872 2201
808 2 2 5 1 1575 1574 2085
809 2 2 5 1 817 1367 1371
810 2 2 5 1 1367 817 1518
811 2 2 5 1 2164 1647 2167
812 2 2 5 1 1373 816 1944
813 2 2 5 1 1429 1428 1464
814 2 2 5 1 1577 967 1578
815 2 2 5 1 1824 1380 1825
816 2 2 5 1 485 1579 1913
817 2 2 5 1 1681 1520 1684
818 2 2 5 1 1269 1330 1331
819 2 2 5 1 1575 967 1577
820 2 2 5 1 1652 959 2172
821 2 2 5 1 817 1371 1944
822 2 2 5 1 1488 2089 2094
823 2 2 5 1 2204 450 2206
824 2 2 5 1 2127 968 2129
825 2 2 5 1 172 173 335
826 2 2 5 1 1349 818 1756
827 2 2 5 1 248 172 335
828 2 2 5 1 1657 921 2174
829 2 2 5 1 1516 2201 2203
830 2 2 5 1 1750 1732 1752
831 2 2 5 1 2040 1585 2044
832 2 2 5 1 1320 1048 1378
833 2 2 5 1 1688 1689 2126
834 2 2 5 1 1862 1863 2160
835 2 2 5 1 1579 485 2044
836 2 2 5 1 633 1507 2180
837 2 2 5 1 626 1324 1553
838 2 2 5 1 1487 650 2087
839 2 2 5 1 1371 1373 1944
840 2 2 5 1 1652 1650 2164
841 2 2 5 1 653 1911 2156
842 2 2 5 1 1633 1634 2134
843 2 2 5 1 814 777 1369
844 2 2 5 1 626 1825 2048
845 2 2 5 1 1483 972 2096
846 2 2 5 1 1688 2126 2127
847 2 2 5 1 2199 656 2200
848 2 2 5 1 1641 2154 2155
849 2 2 5 1 1976 1507 2182
850 2 2 5 1 1326 616 1909
851 2 2 5 1 1566 1567 2198
852 2 2 5 1 1637 2145 2149
853 2 2 5 1 2056 650 2072
854 2 2 5 1 1641 962 2154
855 2 2 5 1 1477 1478 2130
856 2 2 5 1 2069 1253 2107
857 2 2 5 1 1324 626 2048
858 2 2 5 1 203 309 2153
859 2 2 5 1 1637 963 2145
860 2 2 5 1 1472 969 2106
861 2 2 5 1 234 284 1333
862 2 2 5 1 1525 598 2056
863 2 2 5 1 1566 2198 2199
864 2 2 5 1 1632 2141 2142
865 2 2 5 1 448 1590 2179
866 2 2 5 1 1448 1450 2151
867 2 2 5 1 1365 1367 1518
868 2 2 5 1 783 785 1756
869 2 2 5 1 1015 1387 1532
870 2 2 5 1 1015 1014 2079
871 2 2 5 1 1637 1635 2142
872 2 2 5 1 1641 1639 2149
873 2 2 5 1 1325 658 2101
874 2 2 5 1 1387 1388 1532
875 2 2 5 1 967 1575 2085
876 2 2 5 1 2188 1510 2191
877 2 2 5 1 616 610 1909
878 2 2 5 1 781 818 2010
879 2 2 5 1 1474 1477 2118
880 2 2 5 1 960 1510 2188
881 2 2 5 1 1525 2056 2072
882 2 2 5 1 1505 1403 1888
883 2 2 5 1 659 1528 1968
884 2 2 5 1 1469 971 2098
885 2 2 5 1 1452 1454 1457
886 2 2 5 1 1527 1528 2001
887 2 2 5 1 2130 1478 2138
888 2 2 5 1 1485 847 1529
889 2 2 5 1 1527 2033 2054
890 2 2 5 1 1326 1378 1379
891 2 2 5 1 373 375 1655
892 2 2 5 1 1633 918 2140
893 2 2 5 1 451 1594 2187
894 2 2 5 1 657 1720 2190
895 2 2 5 1 917 2138 2144
896 2 2 5 1 1551 1550 2123
897 2 2 5 1 922 1517 2196
898 2 2 5 1 1549 1829 2094
899 2 2 5 1 1527 2001 2033
900 2 2 5 1 915 2112 2118
901 2 2 5 1 2033 598 2054
902 2 2 5 1 1323 1322 2075
903 2 2 5 1 2205 245 2261
904 2 2 5 1 819 1345 1347
905 2 2 5 1 1545 1546 2114
906 2 2 5 1 1681 1684 1912
907 2 2 5 1 248 335 336
908 2 2 5 1 1693 1691 2129
909 2 2 5 1 1968 1758 2029
910 2 2 5 1 1454 1456 1457
911 2 2 5 1 2147 1445 2151
912 2 2 5 1 1648 919 2171
913 2 2 5 1 173 295 335
914 2 2 5 1 483 1650 1651
915 2 2 5 1 1392 1539 1540
916 2 2 5 1 1559 1558 2125
917 2 2 5 1 601 2113 2117
918 2 2 5 1 1619 1812 1959
919 2 2 5 1 1693 2133 2134
920 2 2 5 1 1657 1654 2168
921 2 2 5 1 1812 1810 1959
922 2 2 5 1 432 1655 1656
923 2 2 5 1 1625 1606 1627
924 2 2 5 1 1866 1867 2116
925 2 2 5 1 1713 1690 1827
926 2 2 5 1 818 1351 2010
927 2 2 5 1 917 1446 2143
928 2 2 5 1 175 271 1327
929 2 2 5 1 474 1322 2069
930 2 2 5 1 1326 1320 1378
931 2 2 5 1 1684 1683 1912
932 2 2 5 1 1553 1324 2013
933 2 2 5 1 1487 1486 2072
934 2 2 5 1 433 1645 1646
935 2 2 5 1 1512 1514 1517
936 2 2 5 1 1727 1886 1887
937 2 2 5 1 1325 1251 2111
938 2 2 5 1 1414 644 1938
939 2 2 5 1 1447 1479 1682
940 2 2 5 1 964 1450 2157
941 2 2 5 1 1345 819 2019
942 2 2 5 1 914 1711 2110
943 2 2 5 1 1743 1742 2014
944 2 2 5 1 335 295 2099
945 2 2 5 1 1323 2075 2080
946 2 2 5 1 1693 968 2133
947 2 2 5 1 1406 1227 2067
948 2 2 5 1 1528 659 2001
949 2 2 5 1 920 1457 2178
950 2 2 5 1 543 545 1453
951 2 2 5 1 775 814 2097
952 2 2 5 1 1802 1804 1805
953 2 2 5 1 969 2102 2106
954 2 2 5 1 818 783 1756
955 2 2 5 1 1561 602 2088
956 2 2 5 1 375 1653 1655
957 2 2 5 1 545 587 1453
958 2 2 5 1 847 1485 1530
959 2 2 5 1 2193 449 2195
960 2 2 5 1 1825 1380 2048
961 2 2 5 1 2157 1450 2162
962 2 2 5 1 1484 1485 1529
963 2 2 5 1 2061 1065 2086
964 2 2 5 1 1387 1015 2079
965 2 2 5 1 1452 1453 1454
966 2 2 5 1 273 54 1375
967 2 2 5 1 1688 2127 2129
968 2 2 5 1 2189 657 2190
969 2 2 5 1 1703 1702 2091
970 2 2 5 1 1474 1476 1477
971 2 2 5 1 306 1900 1901
972 2 2 5 1 1382 1383 1749
973 2 2 5 1 1392 1391 1539
974 2 2 5 1 1391 811 1539
975 2 2 5 1 965 1010 1578
976 2 2 5 1 54 55 1375
977 2 2 5 1 1945 1416 2084
978 2 2 5 1 1489 1325 2101
979 2 2 5 1 838 1382 1749
980 2 2 5 1 606 594 1825
981 2 2 5 1 659 1968 2029
982 2 2 5 1 1329 621 1875
983 2 2 5 1 1330 1221 1331
984 2 2 5 1 433 1644 1645
985 2 2 5 1 973 1706 2105
986 2 2 5 1 173 174 295
987 2 2 5 1 838 476 2039
988 2 2 5 1 1514 1516 1517
989 2 2 5 1 1712 1711 2115
990 2 2 5 1 967 965 1578
991 2 2 5 1 231 232 275
992 2 2 5 1 1468 1469 2098
993 2 2 5 1 809 1428 1818
994 2 2 5 1 1205 1743 2014
995 2 2 5 1 485 2040 2044
996 2 2 5 1 379 381 1649
997 2 2 5 1 2111 1251 2113
998 2 2 5 1 767 769 1518
999 2 2 5 1 1479 582 1682
1000 2 2 5 1 483 1649 1650
1001 2 2 5 1 745 809 1818
1002 2 2 5 1 309 1847 2153
1003 2 2 5 1 432 373 1655
1004 2 2 5 1 383 385 1644
1005 2 2 5 1 285 1816 1941
1006 2 2 5 1 1706 1704 2105
1007 2 2 5 1 1006 1308 2158
1008 2 2 5 1 2119 916 2122
1009 2 2 5 1 113 114 276
1010 2 2 5 1 263 1820 1821
1011 2 2 5 1 557 559 1513
1012 2 2 5 1 1147 1505 1888
1013 2 2 5 1 816 1439 1861
1014 2 2 5 1 1353 1355 1369
1015 2 2 5 1 375 377 1653
1016 2 2 5 1 1711 1708 2110
1017 2 2 5 1 513 1484 1529
1018 2 2 5 1 1344 1553 2013
1019 2 2 5 1 529 582 1475
1020 2 2 5 1 271 1393 2245
1021 2 2 5 1 1470 1472 2106
1022 2 2 5 1 2186 451 2187
1023 2 2 5 1 559 586 1513
1024 2 2 5 1 1589 1590 2184
1025 2 2 5 1 60 61 1900
1026 2 2 5 1 1322 474 2075
1027 2 2 5 1 1147 1502 1505
1028 2 2 5 1 761 816 1861
1029 2 2 5 1 1147 1501 1502
1030 2 2 5 1 1605 835 1627
1031 2 2 5 1 1811 1812 1988
1032 2 2 5 1 975 1703 2091
1033 2 2 5 1 1812 1669 1988
1034 2 2 5 1 89 90 1803
1035 2 2 5 1 1723 1722 1821
1036 2 2 5 1 1606 1605 1627
1037 2 2 5 1 1009 1580 2066
1038 2 2 5 1 1464 809 1954
1039 2 2 5 1 1560 1561 2088
1040 2 2 5 1 1749 1750 1752
1041 2 2 5 1 1712 2115 2119
1042 2 2 5 1 513 515 1484
1043 2 2 5 1 1382 838 2039
1044 2 2 5 1 433 383 1644
1045 2 2 5 1 819 1347 1756
1046 2 2 5 1 1570 1495 1753
1047 2 2 5 1 1223 1414 1938
1048 2 2 5 1 1585 1577 2044
1049 2 2 5 1 1729 1008 1742
1050 2 2 5 1 1474 1475 1476
1051 2 2 5 1 1742 1008 2014
1052 2 2 5 1 1381 644 1414
1053 2 2 5 1 1512 1513 1514
1054 2 2 5 1 1802 1803 1804
1055 2 2 5 1 1525 1524 2054
1056 2 2 5 1 1689 916 2126
1057 2 2 5 1 1719 1568 1721
1058 2 2 5 1 1451 543 1453
1059 2 2 5 1 1536 655 2065
1060 2 2 5 1 621 1329 1909
1061 2 2 5 1 1580 1581 2066
1062 2 2 5 1 1094 1919 2128
1063 2 2 5 1 610 621 1909
1064 2 2 5 1 785 819 1756
1065 2 2 5 1 2108 914 2110
1066 2 2 5 1 464 1406 2067
1067 2 2 5 1 83 84 1819
1068 2 2 5 1 296 56 1384
1069 2 2 5 1 801 688 1923
1070 2 2 5 1 1768 1591 1771
1071 2 2 5 1 1589 2184 2186
1072 2 2 5 1 90 285 1803
1073 2 2 5 1 1615 801 1923
1074 2 2 5 1 1147 1133 1501
1075 2 2 5 1 971 2093 2098
1076 2 2 5 1 527 529 1475
1077 2 2 5 1 55 296 1375
1078 2 2 5 1 273 1375 1376
1079 2 2 5 1 1390 247 2194
1080 2 2 5 1 113 276 1389
1081 2 2 5 1 2112 1472 2118
1082 2 2 5 1 306 60 1900
1083 2 2 5 1 263 1819 1820
1084 2 2 5 1 1692 1634 1813
1085 2 2 5 1 1677 799 1826
1086 2 2 5 1 814 1358 2097
1087 2 2 5 1 2047 1060 2055
1088 2 2 5 1 594 1824 1825
1089 2 2 5 1 1722 263 1821
1090 2 2 5 1 848 1418 1940
1091 2 2 5 1 1535 1536 2065
1092 2 2 5 1 1344 614 1553
1093 2 2 5 1 1511 557 1513
1094 2 2 5 1 639 640 1755
1095 2 2 5 1 1886 262 1887
1096 2 2 5 1 658 2095 2101
1097 2 2 5 1 385 1642 1644
1098 2 2 5 1 1804 285 1941
1099 2 2 5 1 799 712 1826
1100 2 2 5 1 626 606 1825
1101 2 2 5 1 811 1391 2008
1102 2 2 5 1 541 543 1451
1103 2 2 5 1 1519 828 1684
1104 2 2 5 1 483 379 1649
1105 2 2 5 1 1419 1420 1542
1106 2 2 5 1 233 234 1333
1107 2 2 5 1 474 2069 2107
1108 2 2 5 1 1475 582 1476
1109 2 2 5 1 2102 1469 2106
1110 2 2 5 1 1485 1482 2096
1111 2 2 5 1 1335 331 1336
1112 2 2 5 1 1576 1585 2042
1113 2 2 5 1 1749 1383 1750
1114 2 2 5 1 1552 1028 2007
1115 2 2 5 1 1453 587 1454
1116 2 2 5 1 295 174 1327
1117 2 2 5 1 1520 1519 1684
1118 2 2 5 1 1801 89 1803
1119 2 2 5 1 915 1477 2130
1120 2 2 5 1 1334 331 1335
1121 2 2 5 1 1215 1345 2019
1122 2 2 5 1 614 1344 1552
1123 2 2 5 1 969 1472 2112
1124 2 2 5 1 1347 1349 1756
1125 2 2 5 1 817 767 1518
1126 2 2 5 1 1881 1883 1884
1127 2 2 5 1 1008 1729 1956
1128 2 2 5 1 1424 1541 1542
1129 2 2 5 1 583 1480 1481
1130 2 2 5 1 555 557 1511
1131 2 2 5 1 583 1481 1482
1132 2 2 5 1 1645 1643 1648
1133 2 2 5 1 1810 801 1959
1134 2 2 5 1 1731 837 1752
1135 2 2 5 1 743 745 1818
1136 2 2 5 1 1683 799 1912
1137 2 2 5 1 1111 1721 1926
1138 2 2 5 1 1476 582 1479
1139 2 2 5 1 260 68 1788
1140 2 2 5 1 731 811 2008
1141 2 2 5 1 295 1327 1328
1142 2 2 5 1 971 1469 2102
1143 2 2 5 1 1729 1595 1956
1144 2 2 5 1 1097 1771 1927
1145 2 2 5 1 1578 1010 1579
1146 2 2 5 1 1532 1388 1533
1147 2 2 5 1 1396 179 1397
1148 2 2 5 1 385 387 1642
1149 2 2 5 1 2113 1251 2117
1150 2 2 5 1 835 1605 1995
1151 2 2 5 1 769 813 1518
1152 2 2 5 1 1758 597 2029
1153 2 2 5 1 923 1872 2212
1154 2 2 5 1 1732 1731 1752
1155 2 2 5 1 1393 297 1394
1156 2 2 5 1 1133 1131 1501
1157 2 2 5 1 1048 1046 1378
1158 2 2 5 1 1447 1682 1932
1159 2 2 5 1 1874 1879 2050
1160 2 2 5 1 381 433 1649
1161 2 2 5 1 2063 1760 2071
1162 2 2 5 1 1083 1153 1774
1163 2 2 5 1 436 1709 1710
1164 2 2 5 1 447 1770 2166
1165 2 2 5 1 55 56 296
1166 2 2 5 1 1046 1049 1378
1167 2 2 5 1 180 264 1397
1168 2 2 5 1 178 179 1396
1169 2 2 5 1 899 1000 1547
1170 2 2 5 1 1097 1095 1771
1171 2 2 5 1 263 83 1819
1172 2 2 5 1 1345 1218 1346
1173 2 2 5 1 112 113 1389
1174 2 2 5 1 583 517 1480
1175 2 2 5 1 1401 1402 1405
1176 2 2 5 1 2262 242 2281
1177 2 2 5 1 1574 1580 2085
1178 2 2 5 1 436 1713 1827
1179 2 2 5 1 644 1381 1755
1180 2 2 5 1 1418 1415 1940
1181 2 2 5 1 436 1710 1713
1182 2 2 5 1 1682 533 1932
1183 2 2 5 1 377 483 1653
1184 2 2 5 1 2076 1697 2135
1185 2 2 5 1 809 747 1954
1186 2 2 5 1 1332 233 1333
1187 2 2 5 1 759 761 1861
1188 2 2 5 1 1335 1336 1337
1189 2 2 5 1 1502 1504 1505
1190 2 2 5 1 177 297 1393
1191 2 2 5 1 471 1400 2017
1192 2 2 5 1 1458 1435 1460
1193 2 2 5 1 1513 586 1514
1194 2 2 5 1 674 835 1995
1195 2 2 5 1 88 89 1801
1196 2 2 5 1 1699 1773 1774
1197 2 2 5 1 1397 264 1398
1198 2 2 5 1 330 112 1389
1199 2 2 5 1 1111 1109 1721
1200 2 2 5 1 1879 1515 2050
1201 2 2 5 1 978 1945 2084
1202 2 2 5 1 1420 1424 1542
1203 2 2 5 1 525 527 1473
1204 2 2 5 1 1182 1155 1401
1205 2 2 5 1 1727 1887 1953
1206 2 2 5 1 1347 1346 1348
1207 2 2 5 1 1215 1218 1345
1208 2 2 5 1 1170 863 1489
1209 2 2 5 1 1182 1401 1405
1210 2 2 5 1 259 1895 1899
1211 2 2 5 1 133 134 1386
1212 2 2 5 1 883 1004 1526
1213 2 2 5 1 85 302 1797
1214 2 2 5 1 1526 1004 1527
1215 2 2 5 1 478 2061 2086
1216 2 2 5 1 1881 1882 1883
1217 2 2 5 1 248 336 337
1218 2 2 5 1 1721 1568 1926
1219 2 2 5 1 272 2291 2292
1220 2 2 5 1 2103 973 2105
1221 2 2 5 1 208 286 1850
1222 2 2 5 1 1473 527 1475
1223 2 2 5 1 712 710 1826
1224 2 2 5 1 1690 1713 2122
1225 2 2 5 1 1753 1495 1960
1226 2 2 5 1 499 501 1581
1227 2 2 5 1 1833 1834 2036
1228 2 2 5 1 84 1797 1819
1229 2 2 5 1 2017 1961 2045
1230 2 2 5 1 1547 1000 1548
1231 2 2 5 1 259 1893 1894
1232 2 2 5 1 437 1638 1639
1233 2 2 5 1 640 644 1755
1234 2 2 5 1 587 547 2038
1235 2 2 5 1 741 743 2004
1236 2 2 5 1 299 131 1408
1237 2 2 5 1 1780 1782 1783
1238 2 2 5 1 77 262 1882
1239 2 2 5 1 718 828 2012
1240 2 2 5 1 1875 1021 2020
1241 2 2 5 1 1651 1650 1652
1242 2 2 5 1 1827 1690 1933
1243 2 2 5 1 61 1899 1900
1244 2 2 5 1 847 1530 1876
1245 2 2 5 1 1215 1216 1218
1246 2 2 5 1 259 1894 1895
1247 2 2 5 1 816 763 1944
1248 2 2 5 1 799 1677 1912
1249 2 2 5 1 515 583 1484
1250 2 2 5 1 879 1059 1628
1251 2 2 5 1 74 304 1782
1252 2 2 5 1 688 686 1923
1253 2 2 5 1 1608 1600 1610
1254 2 2 5 1 289 238 1407
1255 2 2 5 1 597 1758 2063
1256 2 2 5 1 437 1639 1640
1257 2 2 5 1 1554 1754 1967
1258 2 2 5 1 1506 585 1508
1259 2 2 5 1 517 519 1480
1260 2 2 5 1 1895 1898 1899
1261 2 2 5 1 1771 1591 1927
1262 2 2 5 1 1646 1645 1647
1263 2 2 5 1 1246 1696 1910
1264 2 2 5 1 800 1811 1988
1265 2 2 5 1 828 1519 2012
1266 2 2 5 1 1153 1699 1774
1267 2 2 5 1 91 92 1816
1268 2 2 5 1 68 69 1788
1269 2 2 5 1 200 269 1916
1270 2 2 5 1 1410 1188 1441
1271 2 2 5 1 1546 901 1547
1272 2 2 5 1 1345 1346 1347
1273 2 2 5 1 1069 1253 1413
1274 2 2 5 1 1821 1820 1822
1275 2 2 5 1 1417 1702 1789
1276 2 2 5 1 1585 355 2042
1277 2 2 5 1 1849 1850 1851
1278 2 2 5 1 1916 269 1917
1279 2 2 5 1 1850 286 1851
1280 2 2 5 1 1143 1767 1768
1281 2 2 5 1 1813 1634 1947
1282 2 2 5 1 1754 508 1967
1283 2 2 5 1 1353 1369 2010
1284 2 2 5 1 800 1665 1950
1285 2 2 5 1 632 1466 1467
1286 2 2 5 1 602 2082 2088
1287 2 2 5 1 1282 1042 1790
1288 2 2 5 1 1581 501 1582
1289 2 2 5 1 1400 1744 2017
1290 2 2 5 1 437 389 1638
1291 2 2 5 1 1060 1052 2055
1292 2 2 5 1 84 85 1797
1293 2 2 5 1 903 901 1546
1294 2 2 5 1 1442 584 1448
1295 2 2 5 1 1878 1921 1922
1296 2 2 5 1 1670 1663 1672
1297 2 2 5 1 220 221 331
1298 2 2 5 1 901 899 1547
1299 2 2 5 1 611 626 1553
1300 2 2 5 1 436 413 1709
1301 2 2 5 1 463 1741 1742
1302 2 2 5 1 1419 808 1420
1303 2 2 5 1 1882 262 1883
1304 2 2 5 1 1477 1476 1478
1305 2 2 5 1 1883 262 1886
1306 2 2 5 1 1714 288 1715
1307 2 2 5 1 614 1552 2007
1308 2 2 5 1 285 91 1816
1309 2 2 5 1 686 684 2006
1310 2 2 5 1 812 1419 1542
1311 2 2 5 1 1000 897 1829
1312 2 2 5 1 632 521 1466
1313 2 2 5 1 259 63 1893
1314 2 2 5 1 1803 285 1804
1315 2 2 5 1 234 235 284
1316 2 2 5 1 1782 304 1783
1317 2 2 5 1 463 1742 1743
1318 2 2 5 1 1431 1435 1458
1319 2 2 5 1 1549 1000 1829
1320 2 2 5 1 815 1430 1458
1321 2 2 5 1 1875 621 1955
1322 2 2 5 1 801 1615 1959
1323 2 2 5 1 464 458 2073
1324 2 2 5 1 1831 308 1832
1325 2 2 5 1 841 792 1746
1326 2 2 5 1 935 1410 1441
1327 2 2 5 1 757 759 1952
1328 2 2 5 1 1805 1804 1806
1329 2 2 5 1 183 308 1831
1330 2 2 5 1 483 1651 1653
1331 2 2 5 1 588 567 1868
1332 2 2 5 1 476 475 2039
1333 2 2 5 1 658 1325 2111
1334 2 2 5 1 456 443 1741
1335 2 2 5 1 1595 472 1956
1336 2 2 5 1 539 584 1442
1337 2 2 5 1 179 180 1397
1338 2 2 5 1 100 288 1714
1339 2 2 5 1 597 2063 2071
1340 2 2 5 1 280 129 1440
1341 2 2 5 1 759 1861 1952
1342 2 2 5 1 1508 585 1509
1343 2 2 5 1 1151 1718 1719
1344 2 2 5 1 1329 1875 2020
1345 2 2 5 1 1190 1556 1557
1346 2 2 5 1 1149 1490 1496
1347 2 2 5 1 739 808 1419
1348 2 2 5 1 1155 1141 1401
1349 2 2 5 1 425 439 1789
1350 2 2 5 1 1430 1431 1458
1351 2 2 5 1 863 865 1489
1352 2 2 5 1 553 585 1506
1353 2 2 5 1 804 639 1755
1354 2 2 5 1 2138 1478 2144
1355 2 2 5 1 1621 1625 1627
1356 2 2 5 1 1924 1462 1954
1357 2 2 5 1 463 456 1741
1358 2 2 5 1 2093 1483 2098
1359 2 2 5 1 822 1303 1522
1360 2 2 5 1 507 510 1808
1361 2 2 5 1 1347 1348 1349
1362 2 2 5 1 855 1963 2021
1363 2 2 5 1 1963 1057 2021
1364 2 2 5 1 1259 1558 1559
1365 2 2 5 1 433 1646 1649
1366 2 2 5 1 1349 1348 1350
1367 2 2 5 1 57 258 1384
1368 2 2 5 1 76 77 1882
1369 2 2 5 1 1574 615 1580
1370 2 2 5 1 811 1537 1539
1371 2 2 5 1 1143 1766 1767
1372 2 2 5 1 272 133 1386
1373 2 2 5 1 1499 1497 1500
1374 2 2 5 1 710 708 1982
1375 2 2 5 1 563 565 1874
1376 2 2 5 1 1384 258 1385
1377 2 2 5 1 1056 1054 2053
1378 2 2 5 1 1121 1753 1960
1379 2 2 5 1 503 506 1582
1380 2 2 5 1 197 310 1836
1381 2 2 5 1 815 753 1430
1382 2 2 5 1 1835 1836 1837
1383 2 2 5 1 1085 1083 1774
1384 2 2 5 1 134 135 298
1385 2 2 5 1 1149 1127 1490
1386 2 2 5 1 73 74 1782
1387 2 2 5 1 1773 1699 2156
1388 2 2 5 1 1841 1916 1917
1389 2 2 5 1 271 176 1393
1390 2 2 5 1 1486 1169 2072
1391 2 2 5 1 56 57 1384
1392 2 2 5 1 1406 464 2073
1393 2 2 5 1 1531 1015 1532
1394 2 2 5 1 1597 1600 1608
1395 2 2 5 1 1259 913 1558
1396 2 2 5 1 93 256 1815
1397 2 2 5 1 873 1050 1759
1398 2 2 5 1 1014 1414 2079
1399 2 2 5 1 415 1707 1709
1400 2 2 5 1 588 1868 1869
1401 2 2 5 1 188 311 1859
1402 2 2 5 1 1582 506 1583
1403 2 2 5 1 584 541 1451
1404 2 2 5 1 1100 1839 2100
1405 2 2 5 1 1761 1764 1766
1406 2 2 5 1 1734 305 1740
1407 2 2 5 1 907 1543 1550
1408 2 2 5 1 1490 1491 1496
1409 2 2 5 1 1482 1481 1483
1410 2 2 5 1 1448 584 1449
1411 2 2 5 1 846 804 2024
1412 2 2 5 1 273 1376 1377
1413 2 2 5 1 819 787 2019
1414 2 2 5 1 1859 311 1860
1415 2 2 5 1 1016 841 1746
1416 2 2 5 1 889 1169 1486
1417 2 2 5 1 1769 1770 2173
1418 2 2 5 1 1455 587 2038
1419 2 2 5 1 815 1459 1924
1420 2 2 5 1 439 1417 1789
1421 2 2 5 1 855 1572 1573
1422 2 2 5 1 1563 1145 1564
1423 2 2 5 1 247 2183 2194
1424 2 2 5 1 1539 1538 1540
1425 2 2 5 1 1759 1050 1760
1426 2 2 5 1 1454 587 1455
1427 2 2 5 1 588 1869 1870
1428 2 2 5 1 1167 858 1560
1429 2 2 5 1 102 103 332
1430 2 2 5 1 2070 1406 2073
1431 2 2 5 1 1543 999 1544
1432 2 2 5 1 1659 1663 1670
1433 2 2 5 1 175 176 271
1434 2 2 5 1 1836 310 1837
1435 2 2 5 1 207 208 1850
1436 2 2 5 1 596 2077 2081
1437 2 2 5 1 1338 1337 1339
1438 2 2 5 1 614 611 1553
1439 2 2 5 1 1221 1191 1557
1440 2 2 5 1 1415 429 1940
1441 2 2 5 1 855 495 1572
1442 2 2 5 1 387 437 1642
1443 2 2 5 1 1586 1144 1587
1444 2 2 5 1 1533 1388 1534
1445 2 2 5 1 1151 1717 1718
1446 2 2 5 1 193 312 1866
1447 2 2 5 1 1791 266 1798
1448 2 2 5 1 237 289 1809
1449 2 2 5 1 727 729 1942
1450 2 2 5 1 132 133 272
1451 2 2 5 1 1537 1538 1539
1452 2 2 5 1 1039 1040 1041
1453 2 2 5 1 834 1596 1608
1454 2 2 5 1 1131 1499 1501
1455 2 2 5 1 1462 1464 1954
1456 2 2 5 1 1884 1883 1885
1457 2 2 5 1 266 88 1801
1458 2 2 5 1 239 240 333
1459 2 2 5 1 239 333 1407
1460 2 2 5 1 881 879 1628
1461 2 2 5 1 1470 581 1471
1462 2 2 5 1 1186 1034 1966
1463 2 2 5 1 837 1731 1971
1464 2 2 5 1 1050 871 1562
1465 2 2 5 1 1816 1739 1941
1466 2 2 5 1 1190 1555 1556
1467 2 2 5 1 1563 1564 1569
1468 2 2 5 1 1866 312 1867
1469 2 2 5 1 835 1620 1627
1470 2 2 5 1 1870 1871 1872
1471 2 2 5 1 1710 1712 1713
1472 2 2 5 1 743 1818 2004
1473 2 2 5 1 1149 1497 1499
1474 2 2 5 1 301 1724 1953
1475 2 2 5 1 585 555 1511
1476 2 2 5 1 1039 1037 1040
1477 2 2 5 1 811 733 1537
1478 2 2 5 1 829 1658 1670
1479 2 2 5 1 134 298 1386
1480 2 2 5 1 1152 1593 1717
1481 2 2 5 1 698 800 1950
1482 2 2 5 1 1596 1597 1608
1483 2 2 5 1 1378 1049 1379
1484 2 2 5 1 1586 1587 1592
1485 2 2 5 1 1013 1015 1531
1486 2 2 5 1 389 391 1638
1487 2 2 5 1 415 417 1707
1488 2 2 5 1 1709 1708 1710
1489 2 2 5 1 480 1629 1635
1490 2 2 5 1 1877 210 1921
1491 2 2 5 1 1148 1137 1888
1492 2 2 5 1 662 1807 1936
1493 2 2 5 1 1620 1621 1627
1494 2 2 5 1 1115 1145 1563
1495 2 2 5 1 1403 1148 1888
1496 2 2 5 1 510 635 1808
1497 2 2 5 1 1767 1764 1770
1498 2 2 5 1 1227 1400 2067
1499 2 2 5 1 438 1700 1704
1500 2 2 5 1 1685 481 1686
1501 2 2 5 1 636 847 1876
1502 2 2 5 1 1418 848 1996
1503 2 2 5 1 935 1441 1807
1504 2 2 5 1 1061 853 1535
1505 2 2 5 1 1578 1579 2044
1506 2 2 5 1 334 124 1584
1507 2 2 5 1 1766 1764 1767
1508 2 2 5 1 1041 1040 1042
1509 2 2 5 1 1878 1877 1921
1510 2 2 5 1 511 513 1529
1511 2 2 5 1 69 1786 1788
1512 2 2 5 1 174 175 1327
1513 2 2 5 1 1700 1701 1704
1514 2 2 5 1 1101 1144 1586
1515 2 2 5 1 1865 192 1866
1516 2 2 5 1 399 1813 1947
1517 2 2 5 1 835 672 1620
1518 2 2 5 1 1858 187 1859
1519 2 2 5 1 443 442 1728
1520 2 2 5 1 834 682 1596
1521 2 2 5 1 95 305 1734
1522 2 2 5 1 409 1827 1933
1523 2 2 5 1 1694 1138 1695
1524 2 2 5 1 1629 1630 1635
1525 2 2 5 1 443 1728 1741
1526 2 2 5 1 201 202 1920
1527 2 2 5 1 1059 1758 1968
1528 2 2 5 1 905 999 1543
1529 2 2 5 1 1156 1155 1178
1530 2 2 5 1 63 64 1893
1531 2 2 5 1 1041 1042 1282
1532 2 2 5 1 307 1775 1776
1533 2 2 5 1 565 588 1874
1534 2 2 5 1 828 1683 1684
1535 2 2 5 1 1023 1024 1025
1536 2 2 5 1 1095 1143 1771
1537 2 2 5 1 1658 1659 1670
1538 2 2 5 1 1889 303 1890
1539 2 2 5 1 171 172 248
1540 2 2 5 1 1826 710 1982
1541 2 2 5 1 427 429 1415
1542 2 2 5 1 972 1483 2093
1543 2 2 5 1 1351 1350 1352
1544 2 2 5 1 666 837 1971
1545 2 2 5 1 1524 1526 2054
1546 2 2 5 1 1071 1069 1413
1547 2 2 5 1 1091 1761 1766
1548 2 2 5 1 413 415 1709
1549 2 2 5 1 1178 1155 1182
1550 2 2 5 1 645 647 1554
1551 2 2 5 1 1459 1462 1924
1552 2 2 5 1 1400 1228 1744
1553 2 2 5 1 885 883 1526
1554 2 2 5 1 1895 1894 1896
1555 2 2 5 1 1707 1708 1709
1556 2 2 5 1 1150 1570 1753
1557 2 2 5 1 302 1793 1797
1558 2 2 5 1 1105 1152 1717
1559 2 2 5 1 800 696 1811
1560 2 2 5 1 829 706 1658
1561 2 2 5 1 1685 1686 1691
1562 2 2 5 1 1870 1869 1871
1563 2 2 5 1 1030 1028 1552
1564 2 2 5 1 1798 266 1799
1565 2 2 5 1 2095 1561 2101
1566 2 2 5 1 1750 1383 1751
1567 2 2 5 1 480 393 1629
1568 2 2 5 1 1141 1148 1401
1569 2 2 5 1 621 619 1955
1570 2 2 5 1 1003 1390 1902
1571 2 2 5 1 1694 1695 1698
1572 2 2 5 1 1026 1025 1190
1573 2 2 5 1 215 277 1730
1574 2 2 5 1 438 419 1700
1575 2 2 5 1 828 716 1683
1576 2 2 5 1 619 627 1955
1577 2 2 5 1 405 481 1685
1578 2 2 5 1 1454 1455 1456
1579 2 2 5 1 99 1714 1853
1580 2 2 5 1 69 70 1786
1581 2 2 5 1 1887 79 1953
1582 2 2 5 1 1548 1000 1549
1583 2 2 5 1 1394 297 1395
1584 2 2 5 1 1087 1085 1772
1585 2 2 5 1 792 839 1746
1586 2 2 5 1 837 1748 1752
1587 2 2 5 1 1572 615 1574
1588 2 2 5 1 1109 1151 1721
1589 2 2 5 1 790 822 1522
1590 2 2 5 1 1079 1138 1694
1591 2 2 5 1 1712 2119 2122
1592 2 2 5 1 1413 1253 2069
1593 2 2 5 1 1141 1137 1148
1594 2 2 5 1 116 117 283
1595 2 2 5 1 501 503 1582
1596 2 2 5 1 307 71 1775
1597 2 2 5 1 1640 1639 1641
1598 2 2 5 1 461 472 1595
1599 2 2 5 1 1401 1148 1402
1600 2 2 5 1 191 192 1865
1601 2 2 5 1 1398 264 1399
1602 2 2 5 1 1717 1593 1718
1603 2 2 5 1 839 951 990
1604 2 2 5 1 1466 581 1470
1605 2 2 5 1 1768 1767 1769
1606 2 2 5 1 186 187 1858
1607 2 2 5 1 435 1692 1813
1608 2 2 5 1 1356 1354 1357
1609 2 2 5 1 297 178 1396
1610 2 2 5 1 1761 1139 1762
1611 2 2 5 1 1169 1524 1525
1612 2 2 5 1 65 303 1889
1613 2 2 5 1 2176 448 2179
1614 2 2 5 1 92 1815 1816
1615 2 2 5 1 1025 1024 1267
1616 2 2 5 1 632 1467 1468
1617 2 2 5 1 893 1001 1828
1618 2 2 5 1 581 525 1473
1619 2 2 5 1 1508 1509 1510
1620 2 2 5 1 130 299 1440
1621 2 2 5 1 1131 1129 1499
1622 2 2 5 1 177 178 297
1623 2 2 5 1 301 1722 1723
1624 2 2 5 1 1470 1471 1472
1625 2 2 5 1 1149 1496 1497
1626 2 2 5 1 1119 1150 1753
1627 2 2 5 1 644 642 1938
1628 2 2 5 1 1830 182 1831
1629 2 2 5 1 1001 1486 1487
1630 2 2 5 1 645 1554 1967
1631 2 2 5 1 983 1003 1902
1632 2 2 5 1 1021 1022 1023
1633 2 2 5 1 1833 268 1834
1634 2 2 5 1 567 569 1868
1635 2 2 5 1 1923 686 2006
1636 2 2 5 1 1023 1025 1026
1637 2 2 5 1 1222 1326 1909
1638 2 2 5 1 1190 1025 1555
1639 2 2 5 1 1140 1137 1141
1640 2 2 5 1 1779 261 1780
1641 2 2 5 1 1001 1488 1828
1642 2 2 5 1 1599 1604 1716
1643 2 2 5 1 87 266 1791
1644 2 2 5 1 1719 1718 1720
1645 2 2 5 1 1047 1269 1281
1646 2 2 5 1 218 219 287
1647 2 2 5 1 1142 1141 1155
1648 2 2 5 1 1724 1727 1953
1649 2 2 5 1 1409 475 2045
1650 2 2 5 1 53 54 273
1651 2 2 5 1 1779 1780 1781
1652 2 2 5 1 1013 1014 1015
1653 2 2 5 1 1514 586 1515
1654 2 2 5 1 132 272 1408
1655 2 2 5 1 1862 267 1863
1656 2 2 5 1 1433 1434 1437
1657 2 2 5 1 196 197 1836
1658 2 2 5 1 615 499 1581
1659 2 2 5 1 1036 1035 1037
1660 2 2 5 1 1842 270 1843
1661 2 2 5 1 1135 1147 1888
1662 2 2 5 1 1535 1167 1536
1663 2 2 5 1 206 207 1848
1664 2 2 5 1 1777 1776 1778
1665 2 2 5 1 1013 1012 1014
1666 2 2 5 1 837 664 1748
1667 2 2 5 1 1448 1449 1450
1668 2 2 5 1 1135 1133 1147
1669 2 2 5 1 130 131 299
1670 2 2 5 1 521 523 1466
1671 2 2 5 1 1743 1205 2070
1672 2 2 5 1 1431 1432 1433
1673 2 2 5 1 726 727 805
1674 2 2 5 1 1420 808 1421
1675 2 2 5 1 1420 1421 1422
1676 2 2 5 1 1228 1230 1744
1677 2 2 5 1 1284 1238 1928
1678 2 2 5 1 1156 1178 1179
1679 2 2 5 1 506 507 1808
1680 2 2 5 1 92 93 1815
1681 2 2 5 1 1444 1443 1445
1682 2 2 5 1 1089 1139 1761
1683 2 2 5 1 815 1458 1459
1684 2 2 5 1 1783 304 1784
1685 2 2 5 1 1468 1467 1469
1686 2 2 5 1 1075 1154 1910
1687 2 2 5 1 533 535 1932
1688 2 2 5 1 1544 999 1545
1689 2 2 5 1 213 300 1814
1690 2 2 5 1 1430 810 1431
1691 2 2 5 1 1172 1550 1551
1692 2 2 5 1 1058 2047 2055
1693 2 2 5 1 359 361 1908
1694 2 2 5 1 1963 1576 2042
1695 2 2 5 1 1028 791 2007
1696 2 2 5 1 871 869 1562
1697 2 2 5 1 401 435 1813
1698 2 2 5 1 642 643 726
1699 2 2 5 1 1783 1784 1785
1700 2 2 5 1 1002 1168 1251
1701 2 2 5 1 1226 1225 1321
1702 2 2 5 1 1784 1880 1881
1703 2 2 5 1 1459 1458 1460
1704 2 2 5 1 1502 1500 1503
1705 2 2 5 1 1917 269 1918
1706 2 2 5 1 182 183 1831
1707 2 2 5 1 1851 286 1852
1708 2 2 5 1 1191 1190 1557
1709 2 2 5 1 602 1561 2095
1710 2 2 5 1 1422 1423 1427
1711 2 2 5 1 1784 304 1880
1712 2 2 5 1 1710 1708 1711
1713 2 2 5 1 1497 1496 1498
1714 2 2 5 1 1234 1266 1928
1715 2 2 5 1 690 801 1810
1716 2 2 5 1 187 188 1859
1717 2 2 5 1 983 985 1003
1718 2 2 5 1 495 497 1572
1719 2 2 5 1 519 632 1480
1720 2 2 5 1 747 749 1954
1721 2 2 5 1 1565 1145 1926
1722 2 2 5 1 1647 1645 1648
1723 2 2 5 1 1724 1723 1725
1724 2 2 5 1 1467 1466 1470
1725 2 2 5 1 100 101 288
1726 2 2 5 1 472 473 477
1727 2 2 5 1 1003 1175 1257
1728 2 2 5 1 1349 1350 1351
1729 2 2 5 1 1502 1503 1504
1730 2 2 5 1 1537 812 1538
1731 2 2 5 1 1233 1234 1235
1732 2 2 5 1 1490 1146 1491
1733 2 2 5 1 2077 1562 2081
1734 2 2 5 1 1848 207 1850
1735 2 2 5 1 510 511 580
1736 2 2 5 1 640 641 642
1737 2 2 5 1 1588 1144 1927
1738 2 2 5 1 1696 1138 1910
1739 2 2 5 1 913 911 1558
1740 2 2 5 1 275 232 1332
1741 2 2 5 1 1236 1235 1237
1742 2 2 5 1 342 346 1817
1743 2 2 5 1 346 344 1913
1744 2 2 5 1 631 1442 1443
1745 2 2 5 1 893 891 1001
1746 2 2 5 1 839 990 1746
1747 2 2 5 1 423 425 1789
1748 2 2 5 1 539 541 584
1749 2 2 5 1 633 1506 1507
1750 2 2 5 1 1136 1135 1137
1751 2 2 5 1 739 741 808
1752 2 2 5 1 477 792 841
1753 2 2 5 1 1776 1775 1779
1754 2 2 5 1 806 805 983
1755 2 2 5 1 1011 1012 1013
1756 2 2 5 1 551 553 1506
1757 2 2 5 1 1019 1021 1875
1758 2 2 5 1 647 851 1554
1759 2 2 5 1 1560 1170 1561
1760 2 2 5 1 1514 1515 1516
1761 2 2 5 1 82 263 1722
1762 2 2 5 1 1255 974 2011
1763 2 2 5 1 1891 1890 1892
1764 2 2 5 1 1775 261 1779
1765 2 2 5 1 808 741 2004
1766 2 2 5 1 775 777 814
1767 2 2 5 1 569 634 1868
1768 2 2 5 1 1568 1565 1926
1769 2 2 5 1 1921 257 1922
1770 2 2 5 1 1653 1651 1654
1771 2 2 5 1 195 268 1833
1772 2 2 5 1 1807 1441 1936
1773 2 2 5 1 934 1306 1915
1774 2 2 5 1 889 887 1169
1775 2 2 5 1 537 539 1442
1776 2 2 5 1 1237 1238 1239
1777 2 2 5 1 232 233 1332
1778 2 2 5 1 897 895 1829
1779 2 2 5 1 1711 914 2115
1780 2 2 5 1 737 739 1419
1781 2 2 5 1 637 636 638
1782 2 2 5 1 1127 1125 1490
1783 2 2 5 1 745 747 809
1784 2 2 5 1 236 237 1809
1785 2 2 5 1 461 468 472
1786 2 2 5 1 192 193 1866
1787 2 2 5 1 642 641 643
1788 2 2 5 1 1772 1085 1774
1789 2 2 5 1 531 533 1682
1790 2 2 5 1 729 731 2008
1791 2 2 5 1 755 757 810
1792 2 2 5 1 523 525 581
1793 2 2 5 1 635 580 636
1794 2 2 5 1 763 765 1944
1795 2 2 5 1 844 841 952
1796 2 2 5 1 1129 1127 1149
1797 2 2 5 1 199 200 1916
1798 2 2 5 1 1889 1890 1891
1799 2 2 5 1 905 903 999
1800 2 2 5 1 256 1736 1815
1801 2 2 5 1 1591 1588 1927
1802 2 2 5 1 1540 1538 1541
1803 2 2 5 1 302 1791 1792
1804 2 2 5 1 411 436 1827
1805 2 2 5 1 308 184 1855
1806 2 2 5 1 731 733 811
1807 2 2 5 1 2082 1536 2088
1808 2 2 5 1 1355 1354 1356
1809 2 2 5 1 205 270 1842
1810 2 2 5 1 549 551 633
1811 2 2 5 1 1416 1415 1418
1812 2 2 5 1 176 177 1393
1813 2 2 5 1 856 858 1167
1814 2 2 5 1 529 531 582
1815 2 2 5 1 427 428 429
1816 2 2 5 1 640 638 641
1817 2 2 5 1 545 547 587
1818 2 2 5 1 1239 1238 1279
1819 2 2 5 1 1036 1037 1039
1820 2 2 5 1 442 455 1728
1821 2 2 5 1 861 863 1170
1822 2 2 5 1 1042 1043 1044
1823 2 2 5 1 911 909 1172
1824 2 2 5 1 639 638 640
1825 2 2 5 1 1527 1004 1528
1826 2 2 5 1 1728 1595 1729
1827 2 2 5 1 1687 481 1933
1828 2 2 5 1 307 1776 1777
1829 2 2 5 1 553 555 585
1830 2 2 5 1 907 905 1543
1831 2 2 5 1 883 881 1004
1832 2 2 5 1 515 517 583
1833 2 2 5 1 751 753 815
1834 2 2 5 1 588 1870 1874
1835 2 2 5 1 769 771 813
1836 2 2 5 1 1002 924 1168
1837 2 2 5 1 1019 1020 1021
1838 2 2 5 1 851 853 1061
1839 2 2 5 1 429 440 441
1840 2 2 5 1 1203 1289 1290
1841 2 2 5 1 1245 1244 1322
1842 2 2 5 1 1169 887 1524
1843 2 2 5 1 875 873 1759
1844 2 2 5 1 1125 1123 1146
1845 2 2 5 1 507 509 510
1846 2 2 5 1 1047 1048 1269
1847 2 2 5 1 1154 1246 1910
1848 2 2 5 1 1793 1794 1795
1849 2 2 5 1 519 521 632
1850 2 2 5 1 953 952 991
1851 2 2 5 1 1238 1235 1928
1852 2 2 5 1 865 924 1002
1853 2 2 5 1 535 537 631
1854 2 2 5 1 1002 1251 1325
1855 2 2 5 1 761 763 816
1856 2 2 5 1 1705 1704 1706
1857 2 2 5 1 1129 1149 1499
1858 2 2 5 1 1570 1569 1571
1859 2 2 5 1 439 427 1415
1860 2 2 5 1 577 578 579
1861 2 2 5 1 1855 265 1856
1862 2 2 5 1 431 363 1903
1863 2 2 5 1 608 610 616
1864 2 2 5 1 735 737 812
1865 2 2 5 1 1649 1646 1650
1866 2 2 5 1 1491 1492 1493
1867 2 2 5 1 477 473 792
1868 2 2 5 1 1023 1022 1024
1869 2 2 5 1 1363 1361 1364
1870 2 2 5 1 438 1704 1705
1871 2 2 5 1 237 238 289
1872 2 2 5 1 1798 1799 1800
1873 2 2 5 1 834 1608 1609
1874 2 2 5 1 636 580 847
1875 2 2 5 1 804 1755 2024
1876 2 2 5 1 899 897 1000
1877 2 2 5 1 190 267 1862
1878 2 2 5 1 726 643 727
1879 2 2 5 1 662 694 1807
1880 2 2 5 1 1443 1442 1448
1881 2 2 5 1 1237 1235 1238
1882 2 2 5 1 1258 913 1259
1883 2 2 5 1 1224 984 1225
1884 2 2 5 1 765 767 817
1885 2 2 5 1 431 1903 1904
1886 2 2 5 1 858 861 1560
1887 2 2 5 1 1422 1421 1423
1888 2 2 5 1 1001 891 1486
1889 2 2 5 1 1587 1588 1589
1890 2 2 5 1 1625 1623 1626
1891 2 2 5 1 441 442 443
1892 2 2 5 1 1609 1608 1610
1893 2 2 5 1 1507 1506 1508
1894 2 2 5 1 983 805 985
1895 2 2 5 1 1587 1144 1588
1896 2 2 5 1 1564 1565 1566
1897 2 2 5 1 1319 1013 1531
1898 2 2 5 1 455 461 1595
1899 2 2 5 1 1014 1381 1414
1900 2 2 5 1 1895 1896 1897
1901 2 2 5 1 1636 1635 1637
1902 2 2 5 1 1700 482 1701
1903 2 2 5 1 1564 1145 1565
1904 2 2 5 1 1433 1432 1434
1905 2 2 5 1 1837 310 1838
1906 2 2 5 1 2060 1534 2170
1907 2 2 5 1 1686 1687 1688
1908 2 2 5 1 344 347 1913
1909 2 2 5 1 895 893 1828
1910 2 2 5 1 1055 1054 1056
1911 2 2 5 1 2035 623 2046
1912 2 2 5 1 1037 1035 1344
1913 2 2 5 1 1150 1563 1569
1914 2 2 5 1 1583 506 1808
1915 2 2 5 1 1003 985 1175
1916 2 2 5 1 472 468 473
1917 2 2 5 1 301 1723 1724
1918 2 2 5 1 444 443 456
1919 2 2 5 1 1431 810 1432
1920 2 2 5 1 98 99 1853
1921 2 2 5 1 480 1635 1636
1922 2 2 5 1 1245 1322 1323
1923 2 2 5 1 1629 434 1630
1924 2 2 5 1 631 537 1442
1925 2 2 5 1 1528 1628 1968
1926 2 2 5 1 829 1670 1671
1927 2 2 5 1 851 1061 1554
1928 2 2 5 1 1706 2108 2110
1929 2 2 5 1 1599 1601 1604
1930 2 2 5 1 1055 1056 1058
1931 2 2 5 1 1121 1119 1753
1932 2 2 5 1 1154 1244 1245
1933 2 2 5 1 879 877 1059
1934 2 2 5 1 999 903 1546
1935 2 2 5 1 1880 76 1882
1936 2 2 5 1 278 1853 1854
1937 2 2 5 1 361 431 1908
1938 2 2 5 1 1203 991 1289
1939 2 2 5 1 1593 1592 1594
1940 2 2 5 1 946 833 1054
1941 2 2 5 1 1025 1267 1555
1942 2 2 5 1 1628 1059 1968
1943 2 2 5 1 1154 1074 1244
1944 2 2 5 1 1600 1599 1716
1945 2 2 5 1 1690 1687 1933
1946 2 2 5 1 812 737 1419
1947 2 2 5 1 579 590 592
1948 2 2 5 1 563 1874 2050
1949 2 2 5 1 592 590 603
1950 2 2 5 1 1042 1044 1790
1951 2 2 5 1 1220 1191 1221
1952 2 2 5 1 672 670 1620
1953 2 2 5 1 1671 1670 1672
1954 2 2 5 1 1596 802 1597
1955 2 2 5 1 1125 1146 1490
1956 2 2 5 1 1597 1598 1599
1957 2 2 5 1 1402 1403 1404
1958 2 2 5 1 1741 1729 1742
1959 2 2 5 1 1044 1046 1047
1960 2 2 5 1 1444 1445 1446
1961 2 2 5 1 1172 909 1550
1962 2 2 5 1 1701 1702 1703
1963 2 2 5 1 583 1482 1484
1964 2 2 5 1 1353 1352 1354
1965 2 2 5 1 1431 1433 1435
1966 2 2 5 1 1611 1610 1614
1967 2 2 5 1 1692 1691 1693
1968 2 2 5 1 633 551 1506
1969 2 2 5 1 1047 1281 1790
1970 2 2 5 1 1899 1898 1900
1971 2 2 5 1 439 1415 1416
1972 2 2 5 1 856 1167 1535
1973 2 2 5 1 1119 1117 1150
1974 2 2 5 1 895 1828 1829
1975 2 2 5 1 455 1595 1728
1976 2 2 5 1 1792 1791 1798
1977 2 2 5 1 1686 481 1687
1978 2 2 5 1 865 1002 1489
1979 2 2 5 1 1329 1222 1909
1980 2 2 5 1 1358 1356 1359
1981 2 2 5 1 1011 966 1012
1982 2 2 5 1 1115 1113 1145
1983 2 2 5 1 1152 1586 1592
1984 2 2 5 1 1843 1844 1845
1985 2 2 5 1 523 581 1466
1986 2 2 5 1 909 907 1550
1987 2 2 5 1 425 427 439
1988 2 2 5 1 582 531 1682
1989 2 2 5 1 1233 1232 1234
1990 2 2 5 1 674 672 835
1991 2 2 5 1 1811 1810 1812
1992 2 2 5 1 1762 1763 1765
1993 2 2 5 1 125 290 1584
1994 2 2 5 1 1663 1661 1664
1995 2 2 5 1 1044 1047 1790
1996 2 2 5 1 682 680 1596
1997 2 2 5 1 753 755 1430
1998 2 2 5 1 952 841 1016
1999 2 2 5 1 891 889 1486
2000 2 2 5 1 506 505 507
2001 2 2 5 1 1573 1574 1575
2002 2 2 5 1 676 674 1995
2003 2 2 5 1 1659 1660 1661
2004 2 2 5 1 631 1443 1444
2005 2 2 5 1 1620 836 1621
2006 2 2 5 1 211 257 1921
2007 2 2 5 1 1420 1422 1424
2008 2 2 5 1 198 199 1840
2009 2 2 5 1 1856 265 1857
2010 2 2 5 1 1658 830 1659
2011 2 2 5 1 1554 1061 1754
2012 2 2 5 1 1793 1792 1794
2013 2 2 5 1 1117 1115 1563
2014 2 2 5 1 1630 1631 1632
2015 2 2 5 1 1761 1762 1764
2016 2 2 5 1 435 1685 1691
2017 2 2 5 1 1769 1767 1770
2018 2 2 5 1 1459 1460 1461
2019 2 2 5 1 755 810 1430
2020 2 2 5 1 1032 1030 1035
2021 2 2 5 1 726 805 806
2022 2 2 5 1 992 991 1203
2023 2 2 5 1 911 1172 1558
2024 2 2 5 1 1695 1138 1696
2025 2 2 5 1 278 98 1853
2026 2 2 5 1 301 81 1722
2027 2 2 5 1 1695 1696 1697
2028 2 2 5 1 238 239 1407
2029 2 2 5 1 1863 267 1864
2030 2 2 5 1 262 78 1887
2031 2 2 5 1 431 1904 1905
2032 2 2 5 1 861 1170 1560
2033 2 2 5 1 946 1054 1055
2034 2 2 5 1 1573 1572 1574
2035 2 2 5 1 510 509 511
2036 2 2 5 1 1001 1487 1488
2037 2 2 5 1 825 937 1019
2038 2 2 5 1 1089 1087 1139
2039 2 2 5 1 1656 1654 1657
2040 2 2 5 1 680 678 802
2041 2 2 5 1 300 214 1730
2042 2 2 5 1 781 783 818
2043 2 2 5 1 1583 1808 2032
2044 2 2 5 1 1603 1606 1607
2045 2 2 5 1 1673 1672 1676
2046 2 2 5 1 1091 1089 1761
2047 2 2 5 1 128 129 280
2048 2 2 5 1 431 1905 1908
2049 2 2 5 1 1073 1071 1074
2050 2 2 5 1 1103 1101 1586
2051 2 2 5 1 1095 1093 1143
2052 2 2 5 1 503 505 506
2053 2 2 5 1 1710 1711 1712
2054 2 2 5 1 304 75 1880
2055 2 2 5 1 1093 1091 1766
2056 2 2 5 1 579 578 590
2057 2 2 5 1 1109 1107 1151
2058 2 2 5 1 1010 966 1011
2059 2 2 5 1 1616 1613 1617
2060 2 2 5 1 1662 1666 1667
2061 2 2 5 1 1665 800 1988
2062 2 2 5 1 684 682 834
2063 2 2 5 1 181 182 1830
2064 2 2 5 1 733 735 1537
2065 2 2 5 1 735 812 1537
2066 2 2 5 1 497 499 615
2067 2 2 5 1 1003 1257 1390
2068 2 2 5 1 1843 270 1844
2069 2 2 5 1 99 100 1714
2070 2 2 5 1 1903 484 1906
2071 2 2 5 1 395 397 434
2072 2 2 5 1 692 690 1810
2073 2 2 5 1 1105 1103 1152
2074 2 2 5 1 1153 1694 1698
2075 2 2 5 1 1621 1623 1625
2076 2 2 5 1 1538 812 1542
2077 2 2 5 1 1762 1139 1763
2078 2 2 5 1 215 216 277
2079 2 2 5 1 706 702 1658
2080 2 2 5 1 399 401 1813
2081 2 2 5 1 716 714 1683
2082 2 2 5 1 1101 1099 1144
2083 2 2 5 1 1150 1569 1570
2084 2 2 5 1 1834 268 1835
2085 2 2 5 1 72 261 1775
2086 2 2 5 1 401 403 435
2087 2 2 5 1 393 395 1629
2088 2 2 5 1 391 393 480
2089 2 2 5 1 708 706 829
2090 2 2 5 1 698 696 800
2091 2 2 5 1 477 841 844
2092 2 2 5 1 441 440 442
2093 2 2 5 1 1075 1074 1154
2094 2 2 5 1 1501 1500 1502
2095 2 2 5 1 1678 1675 1679
2096 2 2 5 1 62 259 1899
2097 2 2 5 1 1491 1146 1492
2098 2 2 5 1 690 688 801
2099 2 2 5 1 702 700 830
2100 2 2 5 1 844 952 953
2101 2 2 5 1 806 983 984
2102 2 2 5 1 1233 1235 1236
2103 2 2 5 1 1728 1729 1741
2104 2 2 5 1 444 456 457
2105 2 2 5 1 131 132 1408
2106 2 2 5 1 444 848 1940
2107 2 2 5 1 670 668 836
2108 2 2 5 1 421 482 1700
2109 2 2 5 1 256 94 1734
2110 2 2 5 1 696 692 1811
2111 2 2 5 1 1524 885 1526
2112 2 2 5 1 1492 1146 1960
2113 2 2 5 1 1069 1067 1253
2114 2 2 5 1 1137 1135 1888
2115 2 2 5 1 94 95 1734
2116 2 2 5 1 387 389 437
2117 2 2 5 1 429 428 440
2118 2 2 5 1 1371 1368 1372
2119 2 2 5 1 1230 1232 1233
2120 2 2 5 1 1609 1610 1611
2121 2 2 5 1 1597 1599 1600
2122 2 2 5 1 256 1734 1735
2123 2 2 5 1 441 443 444
2124 2 2 5 1 405 407 481
2125 2 2 5 1 417 419 438
2126 2 2 5 1 123 124 334
2127 2 2 5 1 1042 1040 1043
2128 2 2 5 1 853 856 1535
2129 2 2 5 1 1134 1133 1135
2130 2 2 5 1 1083 1081 1153
2131 2 2 5 1 1107 1105 1717
2132 2 2 5 1 1079 1077 1138
2133 2 2 5 1 261 73 1782
2134 2 2 5 1 403 405 1685
2135 2 2 5 1 1589 1588 1590
2136 2 2 5 1 419 421 1700
2137 2 2 5 1 411 413 436
2138 2 2 5 1 1621 1622 1623
2139 2 2 5 1 409 411 1827
2140 2 2 5 1 718 716 828
2141 2 2 5 1 377 379 483
2142 2 2 5 1 577 576 578
2143 2 2 5 1 1026 1190 1191
2144 2 2 5 1 1152 1592 1593
2145 2 2 5 1 78 79 1887
2146 2 2 5 1 1631 434 1947
2147 2 2 5 1 680 802 1596
2148 2 2 5 1 1566 1565 1567
2149 2 2 5 1 1671 1672 1673
2150 2 2 5 1 1032 1035 1036
2151 2 2 5 1 283 117 1523
2152 2 2 5 1 441 444 1940
2153 2 2 5 1 421 423 482
2154 2 2 5 1 129 130 1440
2155 2 2 5 1 435 1691 1692
2156 2 2 5 1 714 712 799
2157 2 2 5 1 958 1214 1215
2158 2 2 5 1 1150 1117 1563
2159 2 2 5 1 1736 1735 1737
2160 2 2 5 1 1724 1725 1726
2161 2 2 5 1 1266 1270 1280
2162 2 2 5 1 670 836 1620
2163 2 2 5 1 630 662 1936
2164 2 2 5 1 1250 1520 1521
2165 2 2 5 1 209 210 1877
2166 2 2 5 1 1113 1111 1926
2167 2 2 5 1 395 434 1629
2168 2 2 5 1 1081 1079 1694
2169 2 2 5 1 1597 802 1598
2170 2 2 5 1 988 1189 1273
2171 2 2 5 1 1599 1598 1601
2172 2 2 5 1 1577 1578 2044
2173 2 2 5 1 1900 1898 1901
2174 2 2 5 1 822 987 1303
2175 2 2 5 1 365 484 1903
2176 2 2 5 1 805 727 1942
2177 2 2 5 1 1632 1631 1633
2178 2 2 5 1 1659 1661 1663
2179 2 2 5 1 887 885 1524
2180 2 2 5 1 82 83 263
2181 2 2 5 1 85 86 302
2182 2 2 5 1 74 75 304
2183 2 2 5 1 302 86 1791
2184 2 2 5 1 70 71 307
2185 2 2 5 1 1667 1666 1668
2186 2 2 5 1 59 60 306
2187 2 2 5 1 93 94 256
2188 2 2 5 1 1142 1155 1156
2189 2 2 5 1 302 1792 1793
2190 2 2 5 1 1688 1687 1689
2191 2 2 5 1 1495 1492 1960
2192 2 2 5 1 80 81 301
2193 2 2 5 1 257 212 1814
2194 2 2 5 1 1701 482 1702
2195 2 2 5 1 1616 1617 1618
2196 2 2 5 1 1769 2173 2176
2197 2 2 5 1 363 365 1903
2198 2 2 5 1 87 88 266
2199 2 2 5 1 692 1810 1811
2200 2 2 5 1 65 66 303
2201 2 2 5 1 67 68 260
2202 2 2 5 1 269 201 1920
2203 2 2 5 1 702 830 1658
2204 2 2 5 1 949 950 988
2205 2 2 5 1 1576 1575 1577
2206 2 2 5 1 714 799 1683
2207 2 2 5 1 1143 1093 1766
2208 2 2 5 1 1630 434 1631
2209 2 2 5 1 640 642 644
2210 2 2 5 1 559 561 586
2211 2 2 5 1 1661 1660 1662
2212 2 2 5 1 876 875 877
2213 2 2 5 1 1225 984 1902
2214 2 2 5 1 97 98 278
2215 2 2 5 1 381 383 433
2216 2 2 5 1 1151 1107 1717
2217 2 2 5 1 125 126 290
2218 2 2 5 1 510 580 635
2219 2 2 5 1 1152 1103 1586
2220 2 2 5 1 878 877 879
2221 2 2 5 1 117 118 1523
2222 2 2 5 1 1240 1239 1241
2223 2 2 5 1 1153 1698 1699
2224 2 2 5 1 1678 1679 1680
2225 2 2 5 1 1195 1058 1196
2226 2 2 5 1 1019 1875 1955
2227 2 2 5 1 684 834 2006
2228 2 2 5 1 880 879 881
2229 2 2 5 1 1054 833 1914
2230 2 2 5 1 664 649 1748
2231 2 2 5 1 666 664 837
2232 2 2 5 1 1634 1631 1947
2233 2 2 5 1 1961 1409 2045
2234 2 2 5 1 882 881 883
2235 2 2 5 1 1659 830 1660
2236 2 2 5 1 475 1409 2039
2237 2 2 5 1 1868 634 1873
2238 2 2 5 1 57 58 258
2239 2 2 5 1 77 78 262
2240 2 2 5 1 437 1640 1642
2241 2 2 5 1 213 214 300
2242 2 2 5 1 1660 830 1950
2243 2 2 5 1 435 403 1685
2244 2 2 5 1 797 796 949
2245 2 2 5 1 355 1585 2040
2246 2 2 5 1 417 438 1707
2247 2 2 5 1 1237 1239 1240
2248 2 2 5 1 724 722 796
2249 2 2 5 1 1153 1081 1694
2250 2 2 5 1 797 949 997
2251 2 2 5 1 874 873 875
2252 2 2 5 1 965 846 966
2253 2 2 5 1 1493 1492 1494
2254 2 2 5 1 72 73 261
2255 2 2 5 1 1132 1131 1133
2256 2 2 5 1 1099 1097 1927
2257 2 2 5 1 1736 1737 1738
2258 2 2 5 1 724 796 797
2259 2 2 5 1 1243 1241 1278
2260 2 2 5 1 90 91 285
2261 2 2 5 1 1073 1074 1075
2262 2 2 5 1 312 194 1833
2263 2 2 5 1 1870 1872 1879
2264 2 2 5 1 1580 615 1581
2265 2 2 5 1 1360 1359 1361
2266 2 2 5 1 309 204 1842
2267 2 2 5 1 71 72 1775
2268 2 2 5 1 1130 1129 1131
2269 2 2 5 1 62 63 259
2270 2 2 5 1 64 65 1889
2271 2 2 5 1 95 96 305
2272 2 2 5 1 787 789 2019
2273 2 2 5 1 720 718 2012
2274 2 2 5 1 1499 1500 1501
2275 2 2 5 1 1077 1075 1910
2276 2 2 5 1 185 265 1855
2277 2 2 5 1 807 618 1219
2278 2 2 5 1 884 883 885
2279 2 2 5 1 1930 826 1931
2280 2 2 5 1 391 480 1638
2281 2 2 5 1 1021 1020 1022
2282 2 2 5 1 1735 1734 1740
2283 2 2 5 1 1059 1757 1758
2284 2 2 5 1 311 189 1862
2285 2 2 5 1 833 646 1914
2286 2 2 5 1 1642 1640 1643
2287 2 2 5 1 1351 1352 1353
2288 2 2 5 1 1047 1046 1048
2289 2 2 5 1 1074 1071 1413
2290 2 2 5 1 1449 1451 1452
2291 2 2 5 1 1573 1575 1576
2292 2 2 5 1 407 409 1933
2293 2 2 5 1 497 615 1572
2294 2 2 5 1 580 511 1529
2295 2 2 5 1 1306 1312 1313
2296 2 2 5 1 365 367 484
2297 2 2 5 1 953 991 992
2298 2 2 5 1 425 426 427
2299 2 2 5 1 1655 1654 1656
2300 2 2 5 1 933 934 1915
2301 2 2 5 1 569 571 634
2302 2 2 5 1 53 273 2025
2303 2 2 5 1 635 636 637
2304 2 2 5 1 637 638 639
2305 2 2 5 1 371 373 432
2306 2 2 5 1 649 476 838
2307 2 2 5 1 1598 802 1951
2308 2 2 5 1 427 426 428
2309 2 2 5 1 1484 1482 1485
2310 2 2 5 1 1128 1127 1129
2311 2 2 5 1 1140 1141 1142
2312 2 2 5 1 2165 447 2166
2313 2 2 5 1 470 469 475
2314 2 2 5 1 1748 838 1749
2315 2 2 5 1 1367 1366 1368
2316 2 2 5 1 708 829 1982
2317 2 2 5 1 873 871 1050
2318 2 2 5 1 1362 1361 1363
2319 2 2 5 1 1665 1660 1950
2320 2 2 5 1 988 1273 1285
2321 2 2 5 1 124 125 1584
2322 2 2 5 1 872 871 873
2323 2 2 5 1 1136 1137 1140
2324 2 2 5 1 1893 1891 1894
2325 2 2 5 1 493 495 855
2326 2 2 5 1 611 606 626
2327 2 2 5 1 1143 1768 1771
2328 2 2 5 1 347 485 1913
2329 2 2 5 1 898 897 899
2330 2 2 5 1 1765 1911 2163
2331 2 2 5 1 749 751 1924
2332 2 2 5 1 471 2017 2045
2333 2 2 5 1 70 307 1786
2334 2 2 5 1 2023 1056 2053
2335 2 2 5 1 1765 1763 1911
2336 2 2 5 1 1138 1077 1910
2337 2 2 5 1 267 191 1865
2338 2 2 5 1 886 885 887
2339 2 2 5 1 180 181 264
2340 2 2 5 1 193 194 312
2341 2 2 5 1 195 196 268
2342 2 2 5 1 203 204 309
2343 2 2 5 1 214 215 1730
2344 2 2 5 1 185 186 265
2345 2 2 5 1 190 191 267
2346 2 2 5 1 751 815 1924
2347 2 2 5 1 1224 1225 1226
2348 2 2 5 1 646 622 1914
2349 2 2 5 1 1621 836 1622
2350 2 2 5 1 1876 1530 1958
2351 2 2 5 1 64 1889 1893
2352 2 2 5 1 188 189 311
2353 2 2 5 1 1602 1598 1951
2354 2 2 5 1 798 933 935
2355 2 2 5 1 1254 974 1255
2356 2 2 5 1 200 201 269
2357 2 2 5 1 205 206 270
2358 2 2 5 1 211 212 257
2359 2 2 5 1 1126 1125 1127
2360 2 2 5 1 575 576 577
2361 2 2 5 1 1175 1247 1248
2362 2 2 5 1 737 738 739
2363 2 2 5 1 1269 1048 1330
2364 2 2 5 1 888 887 889
2365 2 2 5 1 439 1416 1417
2366 2 2 5 1 183 184 308
2367 2 2 5 1 208 209 286
2368 2 2 5 1 618 790 1522
2369 2 2 5 1 197 198 310
2370 2 2 5 1 1044 1045 1046
2371 2 2 5 1 1410 989 1411
2372 2 2 5 1 727 728 729
2373 2 2 5 1 1602 1951 1995
2374 2 2 5 1 988 950 1189
2375 2 2 5 1 1743 2070 2073
2376 2 2 5 1 265 186 1858
2377 2 2 5 1 1235 1234 1928
2378 2 2 5 1 1478 1476 1479
2379 2 2 5 1 1624 1732 1733
2380 2 2 5 1 1707 1705 1708
2381 2 2 5 1 723 722 724
2382 2 2 5 1 1793 1795 1796
2383 2 2 5 1 1019 937 1020
2384 2 2 5 1 1237 1240 1961
2385 2 2 5 1 678 676 1951
2386 2 2 5 1 1004 881 1628
2387 2 2 5 1 1279 1238 1284
2388 2 2 5 1 1122 1121 1123
2389 2 2 5 1 667 666 668
2390 2 2 5 1 565 567 588
2391 2 2 5 1 935 933 989
2392 2 2 5 1 1462 1461 1463
2393 2 2 5 1 934 1305 1306
2394 2 2 5 1 256 1735 1736
2395 2 2 5 1 210 211 1921
2396 2 2 5 1 786 970 2011
2397 2 2 5 1 1139 1087 1772
2398 2 2 5 1 1240 1409 1961
2399 2 2 5 1 603 604 608
2400 2 2 5 1 649 838 1748
2401 2 2 5 1 759 760 761
2402 2 2 5 1 75 76 1880
2403 2 2 5 1 1840 199 1916
2404 2 2 5 1 798 843 933
2405 2 2 5 1 1423 1425 1426
2406 2 2 5 1 1405 1402 2236
2407 2 2 5 1 1509 1511 1512
2408 2 2 5 1 1234 1265 1266
2409 2 2 5 1 1449 584 1451
2410 2 2 5 1 1120 1119 1121
2411 2 2 5 1 1471 1473 1474
2412 2 2 5 1 1043 1040 2013
2413 2 2 5 1 1644 1643 1645
2414 2 2 5 1 613 618 807
2415 2 2 5 1 1031 1030 1032
2416 2 2 5 1 949 796 950
2417 2 2 5 1 1748 1749 1752
2418 2 2 5 1 896 895 897
2419 2 2 5 1 765 766 767
2420 2 2 5 1 700 698 1950
2421 2 2 5 1 270 206 1848
2422 2 2 5 1 669 668 670
2423 2 2 5 1 984 983 1902
2424 2 2 5 1 511 512 513
2425 2 2 5 1 982 725 1005
2426 2 2 5 1 638 636 1876
2427 2 2 5 1 507 508 509
2428 2 2 5 1 351 355 2040
2429 2 2 5 1 1151 1719 1721
2430 2 2 5 1 1509 585 1511
2431 2 2 5 1 755 756 757
2432 2 2 5 1 533 534 535
2433 2 2 5 1 694 798 1807
2434 2 2 5 1 1391 1247 2008
2435 2 2 5 1 729 730 731
2436 2 2 5 1 1763 1773 1911
2437 2 2 5 1 761 762 763
2438 2 2 5 1 458 456 463
2439 2 2 5 1 671 670 672
2440 2 2 5 1 1059 877 1757
2441 2 2 5 1 1306 1305 1312
2442 2 2 5 1 757 758 759
2443 2 2 5 1 86 87 1791
2444 2 2 5 1 870 869 871
2445 2 2 5 1 863 864 865
2446 2 2 5 1 745 746 747
2447 2 2 5 1 1061 1535 2065
2448 2 2 5 1 347 349 485
2449 2 2 5 1 1411 989 1412
2450 2 2 5 1 1124 1123 1125
2451 2 2 5 1 1014 1012 1381
2452 2 2 5 1 739 740 741
2453 2 2 5 1 894 893 895
2454 2 2 5 1 733 734 735
2455 2 2 5 1 673 672 674
2456 2 2 5 1 741 742 743
2457 2 2 5 1 194 195 1833
2458 2 2 5 1 212 213 1814
2459 2 2 5 1 338 340 479
2460 2 2 5 1 731 732 733
2461 2 2 5 1 1942 729 2008
2462 2 2 5 1 553 554 555
2463 2 2 5 1 908 907 909
2464 2 2 5 1 342 344 346
2465 2 2 5 1 735 736 737
2466 2 2 5 1 721 720 722
2467 2 2 5 1 529 530 531
2468 2 2 5 1 1018 1188 1272
2469 2 2 5 1 521 522 523
2470 2 2 5 1 525 526 527
2471 2 2 5 1 965 966 1010
2472 2 2 5 1 1144 1099 1927
2473 2 2 5 1 892 891 893
2474 2 2 5 1 610 619 621
2475 2 2 5 1 665 664 666
2476 2 2 5 1 539 540 541
2477 2 2 5 1 935 989 1410
2478 2 2 5 1 493 855 2021
2479 2 2 5 1 675 674 676
2480 2 2 5 1 523 524 525
2481 2 2 5 1 869 1062 1562
2482 2 2 5 1 1154 1245 1246
2483 2 2 5 1 519 520 521
2484 2 2 5 1 1244 1074 1413
2485 2 2 5 1 1118 1117 1119
2486 2 2 5 1 1145 1113 1926
2487 2 2 5 1 1011 1013 1319
2488 2 2 5 1 771 772 773
2489 2 2 5 1 1638 1636 1639
2490 2 2 5 1 1006 1005 1308
2491 2 2 5 1 268 196 1836
2492 2 2 5 1 912 911 913
2493 2 2 5 1 204 205 1842
2494 2 2 5 1 795 794 947
2495 2 2 5 1 1402 1148 1403
2496 2 2 5 1 694 704 798
2497 2 2 5 1 1736 1738 1739
2498 2 2 5 1 865 866 924
2499 2 2 5 1 717 716 718
2500 2 2 5 1 1852 1877 1878
2501 2 2 5 1 184 185 1855
2502 2 2 5 1 753 754 755
2503 2 2 5 1 459 464 465
2504 2 2 5 1 397 399 1947
2505 2 2 5 1 677 676 678
2506 2 2 5 1 1114 1113 1115
2507 2 2 5 1 851 852 853
2508 2 2 5 1 503 504 505
2509 2 2 5 1 904 903 905
2510 2 2 5 1 470 475 476
2511 2 2 5 1 1112 1111 1113
2512 2 2 5 1 517 518 519
2513 2 2 5 1 715 714 716
2514 2 2 5 1 869 867 1062
2515 2 2 5 1 874 875 876
2516 2 2 5 1 1242 1241 1243
2517 2 2 5 1 861 862 863
2518 2 2 5 1 906 905 907
2519 2 2 5 1 719 718 720
2520 2 2 5 1 541 542 543
2521 2 2 5 1 537 538 539
2522 2 2 5 1 545 546 547
2523 2 2 5 1 497 498 499
2524 2 2 5 1 551 552 553
2525 2 2 5 1 681 680 682
2526 2 2 5 1 1104 1103 1105
2527 2 2 5 1 749 750 751
2528 2 2 5 1 1116 1115 1117
2529 2 2 5 1 679 678 680
2530 2 2 5 1 853 854 856
2531 2 2 5 1 910 909 911
2532 2 2 5 1 531 532 533
2533 2 2 5 1 747 748 749
2534 2 2 5 1 876 877 878
2535 2 2 5 1 900 899 901
2536 2 2 5 1 1806 1804 1941
2537 2 2 5 1 858 859 861
2538 2 2 5 1 1838 1840 1841
2539 2 2 5 1 685 684 686
2540 2 2 5 1 1088 1087 1089
2541 2 2 5 1 61 62 1899
2542 2 2 5 1 1605 1602 1995
2543 2 2 5 1 877 875 1757
2544 2 2 5 1 890 889 891
2545 2 2 5 1 1123 1121 1960
2546 2 2 5 1 1576 1577 1585
2547 2 2 5 1 1612 1611 1613
2548 2 2 5 1 1615 1613 1616
2549 2 2 5 1 711 710 712
2550 2 2 5 1 1086 1085 1087
2551 2 2 5 1 713 712 714
2552 2 2 5 1 1110 1109 1111
2553 2 2 5 1 1662 1665 1666
2554 2 2 5 1 624 625 629
2555 2 2 5 1 856 857 858
2556 2 2 5 1 1055 1058 1195
2557 2 2 5 1 457 456 458
2558 2 2 5 1 683 682 684
2559 2 2 5 1 707 706 708
2560 2 2 5 1 743 744 745
2561 2 2 5 1 513 514 515
2562 2 2 5 1 1601 1602 1603
2563 2 2 5 1 925 913 1258
2564 2 2 5 1 1090 1089 1091
2565 2 2 5 1 535 536 537
2566 2 2 5 1 668 666 1971
2567 2 2 5 1 699 698 700
2568 2 2 5 1 1096 1095 1097
2569 2 2 5 1 1479 1447 2144
2570 2 2 5 1 695 692 696
2571 2 2 5 1 709 708 710
2572 2 2 5 1 1062 867 1930
2573 2 2 5 1 1106 1105 1107
2574 2 2 5 1 466 465 469
2575 2 2 5 1 629 630 794
2576 2 2 5 1 527 528 529
2577 2 2 5 1 1230 1233 1744
2578 2 2 5 1 705 702 706
2579 2 2 5 1 751 752 753
2580 2 2 5 1 1084 1083 1085
2581 2 2 5 1 767 768 769
2582 2 2 5 1 697 696 698
2583 2 2 5 1 1844 1848 1849
2584 2 2 5 1 691 690 692
2585 2 2 5 1 1365 1363 1366
2586 2 2 5 1 687 686 688
2587 2 2 5 1 701 700 702
2588 2 2 5 1 1187 1186 1292
2589 2 2 5 1 515 516 517
2590 2 2 5 1 555 556 557
2591 2 2 5 1 627 825 1955
2592 2 2 5 1 689 688 690
2593 2 2 5 1 1100 1099 1101
2594 2 2 5 1 1092 1091 1093
2595 2 2 5 1 1094 1093 1095
2596 2 2 5 1 1098 1097 1099
2597 2 2 5 1 1108 1107 1109
2598 2 2 5 1 1335 1337 1338
2599 2 2 5 1 499 500 501
2600 2 2 5 1 878 879 880
2601 2 2 5 1 1215 1214 1216
2602 2 2 5 1 547 548 549
2603 2 2 5 1 481 407 1933
2604 2 2 5 1 457 458 459
2605 2 2 5 1 543 544 545
2606 2 2 5 1 1018 1017 1188
2607 2 2 5 1 395 396 397
2608 2 2 5 1 608 616 1823
2609 2 2 5 1 1102 1101 1103
2610 2 2 5 1 189 190 1862
2611 2 2 5 1 1603 1605 1606
2612 2 2 5 1 1674 1673 1675
2613 2 2 5 1 947 1017 1018
2614 2 2 5 1 1082 1081 1083
2615 2 2 5 1 629 625 630
2616 2 2 5 1 1248 1391 1392
2617 2 2 5 1 1786 1777 1787
2618 2 2 5 1 795 947 948
2619 2 2 5 1 1480 1468 1481
2620 2 2 5 1 1471 581 1473
2621 2 2 5 1 655 2052 2065
2622 2 2 5 1 401 402 403
2623 2 2 5 1 403 404 405
2624 2 2 5 1 407 408 409
2625 2 2 5 1 1653 1654 1655
2626 2 2 5 1 501 502 503
2627 2 2 5 1 722 720 1964
2628 2 2 5 1 399 400 401
2629 2 2 5 1 1677 1675 1678
2630 2 2 5 1 794 630 1936
2631 2 2 5 1 763 764 765
2632 2 2 5 1 549 550 551
2633 2 2 5 1 773 774 775
2634 2 2 5 1 1018 1272 1286
2635 2 2 5 1 1080 1079 1081
2636 2 2 5 1 461 467 468
2637 2 2 5 1 1189 1249 1250
2638 2 2 5 1 10 11 279
2639 2 2 5 1 393 394 395
2640 2 2 5 1 405 406 407
2641 2 2 5 1 947 794 1017
2642 2 2 5 1 933 843 934
2643 2 2 5 1 867 826 1930
2644 2 2 5 1 1250 1519 1520
2645 2 2 5 1 1197 948 1943
2646 2 2 5 1 1044 1043 1045
2647 2 2 5 1 397 398 399
2648 2 2 5 1 1209 1227 1406
2649 2 2 5 1 855 1573 1963
2650 2 2 5 1 1426 1428 1429
2651 2 2 5 1 608 609 610
2652 2 2 5 1 663 649 664
2653 2 2 5 1 848 457 1937
2654 2 2 5 1 466 469 470
2655 2 2 5 1 902 901 903
2656 2 2 5 1 947 1018 1943
2657 2 2 5 1 1623 1622 1624
2658 2 2 5 1 1763 1772 1773
2659 2 2 5 1 1076 1075 1077
2660 2 2 5 1 459 465 466
2661 2 2 5 1 1078 1077 1079
2662 2 2 5 1 603 608 1823
2663 2 2 5 1 1819 1796 1820
2664 2 2 5 1 629 794 795
2665 2 2 5 1 12 13 313
2666 2 2 5 1 361 363 431
2667 2 2 5 1 721 722 723
2668 2 2 5 1 1029 1028 1030
2669 2 2 5 1 1757 875 1759
2670 2 2 5 1 387 388 389
2671 2 2 5 1 1382 1243 1383
2672 2 2 5 1 391 392 393
2673 2 2 5 1 482 423 1789
2674 2 2 5 1 723 724 725
2675 2 2 5 1 1134 1135 1136
2676 2 2 5 1 310 198 1840
2677 2 2 5 1 385 386 387
2678 2 2 5 1 1373 1372 1374
2679 2 2 5 1 457 459 1937
2680 2 2 5 1 1434 1436 1438
2681 2 2 5 1 1240 1241 1242
2682 2 2 5 1 409 410 411
2683 2 2 5 1 982 1005 1006
2684 2 2 5 1 80 301 1953
2685 2 2 5 1 1046 1045 1049
2686 2 2 5 1 798 704 843
2687 2 2 5 1 389 390 391
2688 2 2 5 1 429 441 1940
2689 2 2 5 1 353 354 356
2690 2 2 5 1 821 791 1028
2691 2 2 5 1 950 796 1964
2692 2 2 5 1 419 420 421
2693 2 2 5 1 647 832 851
2694 2 2 5 1 1622 836 1971
2695 2 2 5 1 641 638 1876
2696 2 2 5 1 1881 1880 1882
2697 2 2 5 1 769 770 771
2698 2 2 5 1 383 384 385
2699 2 2 5 1 1021 1023 2020
2700 2 2 5 1 495 496 497
2701 2 2 5 1 1438 1436 1439
2702 2 2 5 1 798 935 1807
2703 2 2 5 1 356 357 430
2704 2 2 5 1 351 352 353
2705 2 2 5 1 491 489 591
2706 2 2 5 1 792 793 839
2707 2 2 5 1 1185 1034 1186
2708 2 2 5 1 945 833 946
2709 2 2 5 1 1018 1286 1943
2710 2 2 5 1 1417 1416 1945
2711 2 2 5 1 1206 1204 1207
2712 2 2 5 1 1799 266 1801
2713 2 2 5 1 411 412 413
2714 2 2 5 1 1355 1356 1358
2715 2 2 5 1 1904 1903 1906
2716 2 2 5 1 421 422 423
2717 2 2 5 1 417 418 419
2718 2 2 5 1 442 454 455
2719 2 2 5 1 1400 471 2067
2720 2 2 5 1 381 382 383
2721 2 2 5 1 977 948 1197
2722 2 2 5 1 1035 1030 1552
2723 2 2 5 1 948 947 1943
2724 2 2 5 1 882 883 884
2725 2 2 5 1 1353 1354 1355
2726 2 2 5 1 573 574 575
2727 2 2 5 1 1678 1681 1912
2728 2 2 5 1 438 1705 1707
2729 2 2 5 1 1918 269 1920
2730 2 2 5 1 413 414 415
2731 2 2 5 1 1192 1191 1220
2732 2 2 5 1 379 380 381
2733 2 2 5 1 1852 286 1877
2734 2 2 5 1 1060 2035 2046
2735 2 2 5 1 803 639 804
2736 2 2 5 1 286 209 1877
2737 2 2 5 1 624 591 625
2738 2 2 5 1 415 416 417
2739 2 2 5 1 880 881 882
2740 2 2 5 1 1706 973 2108
2741 2 2 5 1 1541 1538 1542
2742 2 2 5 1 356 354 357
2743 2 2 5 1 630 661 662
2744 2 2 5 1 1702 1417 2091
2745 2 2 5 1 830 700 1950
2746 2 2 5 1 377 378 379
2747 2 2 5 1 839 840 951
2748 2 2 5 1 444 457 848
2749 2 2 5 1 1249 950 1964
2750 2 2 5 1 884 885 886
2751 2 2 5 1 455 460 461
2752 2 2 5 1 594 592 1824
2753 2 2 5 1 648 476 649
2754 2 2 5 1 557 558 559
2755 2 2 5 1 1889 1891 1893
2756 2 2 5 1 423 424 425
2757 2 2 5 1 480 1636 1638
2758 2 2 5 1 349 350 351
2759 2 2 5 1 1207 1204 1925
2760 2 2 5 1 1545 999 1546
2761 2 2 5 1 1219 618 1522
2762 2 2 5 1 353 352 354
2763 2 2 5 1 1799 1801 1802
2764 2 2 5 1 1242 1243 1382
2765 2 2 5 1 777 778 779
2766 2 2 5 1 603 590 604
2767 2 2 5 1 1416 1418 2084
2768 2 2 5 1 434 397 1947
2769 2 2 5 1 655 1536 2082
2770 2 2 5 1 535 631 1932
2771 2 2 5 1 1188 1017 1441
2772 2 2 5 1 1838 310 1840
2773 2 2 5 1 1072 1071 1073
2774 2 2 5 1 351 350 352
2775 2 2 5 1 1247 1942 2008
2776 2 2 5 1 951 954 993
2777 2 2 5 1 273 1377 2025
2778 2 2 5 1 1731 1622 1971
2779 2 2 5 1 1002 1325 1489
2780 2 2 5 1 1857 265 1858
2781 2 2 5 1 775 776 777
2782 2 2 5 1 81 82 1722
2783 2 2 5 1 613 617 618
2784 2 2 5 1 1362 1363 1365
2785 2 2 5 1 826 628 1931
2786 2 2 5 1 579 592 593
2787 2 2 5 1 694 703 704
2788 2 2 5 1 934 998 1305
2789 2 2 5 1 507 505 508
2790 2 2 5 1 719 720 721
2791 2 2 5 1 1037 1344 2013
2792 2 2 5 1 870 871 872
2793 2 2 5 1 375 376 377
2794 2 2 5 1 1869 1868 1873
2795 2 2 5 1 989 933 1915
2796 2 2 5 1 491 591 624
2797 2 2 5 1 1671 1673 1674
2798 2 2 5 1 347 348 349
2799 2 2 5 1 872 873 874
2800 2 2 5 1 1885 1883 1886
2801 2 2 5 1 574 596 1929
2802 2 2 5 1 847 580 1529
2803 2 2 5 1 1203 1290 1925
2804 2 2 5 1 578 576 979
2805 2 2 5 1 1780 261 1782
2806 2 2 5 1 662 693 694
2807 2 2 5 1 1642 1643 1644
2808 2 2 5 1 717 718 719
2809 2 2 5 1 16 17 315
2810 2 2 5 1 1864 267 1865
2811 2 2 5 1 1835 268 1836
2812 2 2 5 1 1573 1576 1963
2813 2 2 5 1 715 716 717
2814 2 2 5 1 727 643 728
2815 2 2 5 1 337 336 338
2816 2 2 5 1 667 668 669
2817 2 2 5 1 1668 1666 1669
2818 2 2 5 1 665 666 667
2819 2 2 5 1 1609 1611 1612
2820 2 2 5 1 632 1468 1480
2821 2 2 5 1 1423 1421 1425
2822 2 2 5 1 802 678 1951
2823 2 2 5 1 1175 985 1247
2824 2 2 5 1 1132 1133 1134
2825 2 2 5 1 642 726 1938
2826 2 2 5 1 1444 1446 1447
2827 2 2 5 1 1616 1618 1619
2828 2 2 5 1 459 458 464
2829 2 2 5 1 1130 1131 1132
2830 2 2 5 1 1399 264 1830
2831 2 2 5 1 1678 1680 1681
2832 2 2 5 1 1844 270 1848
2833 2 2 5 1 1017 794 1936
2834 2 2 5 1 1023 1026 2020
2835 2 2 5 1 1590 1588 1591
2836 2 2 5 1 1755 1381 2024
2837 2 2 5 1 1267 1268 1271
2838 2 2 5 1 713 714 715
2839 2 2 5 1 898 899 900
2840 2 2 5 1 868 867 869
2841 2 2 5 1 1412 989 1915
2842 2 2 5 1 630 625 661
2843 2 2 5 1 1452 1451 1453
2844 2 2 5 1 1029 1030 1031
2845 2 2 5 1 147 148 1978
2846 2 2 5 1 1236 1237 1961
2847 2 2 5 1 14 15 274
2848 2 2 5 1 845 804 846
2849 2 2 5 1 810 757 1952
2850 2 2 5 1 849 846 965
2851 2 2 5 1 1662 1660 1665
2852 2 2 5 1 966 846 2024
2853 2 2 5 1 373 374 375
2854 2 2 5 1 627 823 825
2855 2 2 5 1 669 670 671
2856 2 2 5 1 765 817 1944
2857 2 2 5 1 1233 1236 1744
2858 2 2 5 1 673 674 675
2859 2 2 5 1 711 712 713
2860 2 2 5 1 371 372 373
2861 2 2 5 1 749 1924 1954
2862 2 2 5 1 1146 1123 1960
2863 2 2 5 1 472 477 1956
2864 2 2 5 1 496 494 623
2865 2 2 5 1 671 672 673
2866 2 2 5 1 707 708 709
2867 2 2 5 1 264 181 1830
2868 2 2 5 1 593 592 594
2869 2 2 5 1 709 710 711
2870 2 2 5 1 575 574 576
2871 2 2 5 1 886 887 888
2872 2 2 5 1 1227 1228 1400
2873 2 2 5 1 1674 1675 1677
2874 2 2 5 1 1379 1049 1380
2875 2 2 5 1 1763 1139 1772
2876 2 2 5 1 1689 1687 1690
2877 2 2 5 1 486 430 487
2878 2 2 5 1 675 676 677
2879 2 2 5 1 1324 1043 2013
2880 2 2 5 1 1601 1598 1602
2881 2 2 5 1 888 889 890
2882 2 2 5 1 677 678 679
2883 2 2 5 1 1189 950 1249
2884 2 2 5 1 705 706 707
2885 2 2 5 1 591 1948 1972
2886 2 2 5 1 900 901 902
2887 2 2 5 1 1122 1123 1124
2888 2 2 5 1 1104 1105 1106
2889 2 2 5 1 1007 1006 1171
2890 2 2 5 1 679 680 681
2891 2 2 5 1 1895 1897 1898
2892 2 2 5 1 1633 1631 1634
2893 2 2 5 1 511 509 512
2894 2 2 5 1 683 684 685
2895 2 2 5 1 701 702 705
2896 2 2 5 1 1041 1282 1283
2897 2 2 5 1 1120 1121 1122
2898 2 2 5 1 1187 1292 1293
2899 2 2 5 1 699 700 701
2900 2 2 5 1 1128 1129 1130
2901 2 2 5 1 1371 1372 1373
2902 2 2 5 1 681 682 683
2903 2 2 5 1 490 489 491
2904 2 2 5 1 825 1019 1955
2905 2 2 5 1 1114 1115 1116
2906 2 2 5 1 685 686 687
2907 2 2 5 1 697 698 699
2908 2 2 5 1 1223 984 1224
2909 2 2 5 1 1086 1087 1088
2910 2 2 5 1 1082 1083 1084
2911 2 2 5 1 1126 1127 1128
2912 2 2 5 1 1096 1097 1098
2913 2 2 5 1 1567 1565 1568
2914 2 2 5 1 1677 1678 1912
2915 2 2 5 1 312 1833 2036
2916 2 2 5 1 689 690 691
2917 2 2 5 1 691 692 695
2918 2 2 5 1 1360 1361 1362
2919 2 2 5 1 109 110 281
2920 2 2 5 1 844 953 1008
2921 2 2 5 1 1724 1726 1727
2922 2 2 5 1 1786 1787 1788
2923 2 2 5 1 1309 1256 1314
2924 2 2 5 1 1841 1840 1916
2925 2 2 5 1 1110 1111 1112
2926 2 2 5 1 1444 1447 1932
2927 2 2 5 1 1612 1613 1615
2928 2 2 5 1 1092 1093 1094
2929 2 2 5 1 687 688 689
2930 2 2 5 1 1084 1085 1086
2931 2 2 5 1 1088 1089 1090
2932 2 2 5 1 488 487 489
2933 2 2 5 1 1094 1095 1096
2934 2 2 5 1 307 1777 1786
2935 2 2 5 1 1118 1119 1120
2936 2 2 5 1 1459 1461 1462
2937 2 2 5 1 912 913 925
2938 2 2 5 1 1102 1103 1104
2939 2 2 5 1 1108 1109 1110
2940 2 2 5 1 1098 1099 1100
2941 2 2 5 1 369 370 371
2942 2 2 5 1 729 728 730
2943 2 2 5 1 1100 1101 1102
2944 2 2 5 1 1112 1113 1114
2945 2 2 5 1 1106 1107 1108
2946 2 2 5 1 1116 1117 1118
2947 2 2 5 1 663 664 665
2948 2 2 5 1 1090 1091 1092
2949 2 2 5 1 469 465 471
2950 2 2 5 1 934 843 998
2951 2 2 5 1 695 696 697
2952 2 2 5 1 1849 1848 1850
2953 2 2 5 1 1080 1081 1082
2954 2 2 5 1 987 1262 1304
2955 2 2 5 1 1180 1179 1181
2956 2 2 5 1 1032 1036 1038
2957 2 2 5 1 576 574 1929
2958 2 2 5 1 1515 586 2050
2959 2 2 5 1 405 404 406
2960 2 2 5 1 573 575 589
2961 2 2 5 1 1078 1079 1080
2962 2 2 5 1 349 348 350
2963 2 2 5 1 1124 1125 1126
2964 2 2 5 1 1358 1359 1360
2965 2 2 5 1 407 406 408
2966 2 2 5 1 824 628 826
2967 2 2 5 1 1702 482 1789
2968 2 2 5 1 856 854 857
2969 2 2 5 1 1874 1870 1879
2970 2 2 5 1 1434 1432 1436
2971 2 2 5 1 1070 1069 1071
2972 2 2 5 1 401 400 402
2973 2 2 5 1 557 556 558
2974 2 2 5 1 1802 1801 1803
2975 2 2 5 1 1250 1249 1519
2976 2 2 5 1 1314 1256 1315
2977 2 2 5 1 735 734 736
2978 2 2 5 1 765 764 766
2979 2 2 5 1 403 402 404
2980 2 2 5 1 496 623 1979
2981 2 2 5 1 737 736 738
2982 2 2 5 1 863 862 864
2983 2 2 5 1 1441 1017 1936
2984 2 2 5 1 399 398 400
2985 2 2 5 1 2090 975 2091
2986 2 2 5 1 908 909 910
2987 2 2 5 1 1073 1075 1076
2988 2 2 5 1 1603 1602 1605
2989 2 2 5 1 409 408 410
2990 2 2 5 1 1209 1210 1227
2991 2 2 5 1 1462 1463 1464
2992 2 2 5 1 397 396 398
2993 2 2 5 1 421 420 422
2994 2 2 5 1 596 572 1934
2995 2 2 5 1 868 869 870
2996 2 2 5 1 904 905 906
2997 2 2 5 1 743 742 744
2998 2 2 5 1 395 394 396
2999 2 2 5 1 981 725 982
3000 2 2 5 1 1026 1192 2020
3001 2 2 5 1 763 762 764
3002 2 2 5 1 1624 1731 1732
3003 2 2 5 1 393 392 394
3004 2 2 5 1 1076 1077 1078
3005 2 2 5 1 731 730 732
3006 2 2 5 1 1068 1067 1069
3007 2 2 5 1 662 661 693
3008 2 2 5 1 1066 1065 1067
3009 2 2 5 1 925 1258 1260
3010 2 2 5 1 836 668 1971
3011 2 2 5 1 487 430 850
3012 2 2 5 1 1240 1242 1409
3013 2 2 5 1 537 536 538
3014 2 2 5 1 539 538 540
3015 2 2 5 1 549 548 550
3016 2 2 5 1 551 550 552
3017 2 2 5 1 733 732 734
3018 2 2 5 1 493 494 495
3019 2 2 5 1 1773 1772 1774
3020 2 2 5 1 489 487 1948
3021 2 2 5 1 767 766 768
3022 2 2 5 1 547 546 548
3023 2 2 5 1 419 418 420
3024 2 2 5 1 1230 1231 1232
3025 2 2 5 1 391 390 392
3026 2 2 5 1 741 740 742
3027 2 2 5 1 521 520 522
3028 2 2 5 1 753 752 754
3029 2 2 5 1 517 516 518
3030 2 2 5 1 519 518 520
3031 2 2 5 1 555 554 556
3032 2 2 5 1 545 544 546
3033 2 2 5 1 356 430 486
3034 2 2 5 1 1192 1220 1222
3035 2 2 5 1 1948 1949 1972
3036 2 2 5 1 423 422 424
3037 2 2 5 1 523 522 524
3038 2 2 5 1 739 738 740
3039 2 2 5 1 529 528 530
3040 2 2 5 1 1344 1035 1552
3041 2 2 5 1 533 532 534
3042 2 2 5 1 535 534 536
3043 2 2 5 1 1305 998 1307
3044 2 2 5 1 608 604 609
3045 2 2 5 1 411 410 412
3046 2 2 5 1 858 857 859
3047 2 2 5 1 761 760 762
3048 2 2 5 1 425 424 426
3049 2 2 5 1 591 489 1948
3050 2 2 5 1 515 514 516
3051 2 2 5 1 573 572 574
3052 2 2 5 1 755 754 756
3053 2 2 5 1 751 750 752
3054 2 2 5 1 827 826 867
3055 2 2 5 1 648 649 663
3056 2 2 5 1 389 388 390
3057 2 2 5 1 513 512 514
3058 2 2 5 1 1474 1473 1475
3059 2 2 5 1 1736 1739 1815
3060 2 2 5 1 413 412 414
3061 2 2 5 1 910 911 912
3062 2 2 5 1 747 746 748
3063 2 2 5 1 547 549 2038
3064 2 2 5 1 796 722 1964
3065 2 2 5 1 631 1444 1932
3066 2 2 5 1 745 744 746
3067 2 2 5 1 985 805 1942
3068 2 2 5 1 1494 1492 1495
3069 2 2 5 1 525 524 526
3070 2 2 5 1 501 500 502
3071 2 2 5 1 894 895 896
3072 2 2 5 1 527 526 528
3073 2 2 5 1 1759 1760 2063
3074 2 2 5 1 1185 1186 1187
3075 2 2 5 1 843 704 1957
3076 2 2 5 1 459 466 1937
3077 2 2 5 1 979 576 1929
3078 2 2 5 1 853 852 854
3079 2 2 5 1 1249 1964 2012
3080 2 2 5 1 387 386 388
3081 2 2 5 1 367 368 369
3082 2 2 5 1 499 498 500
3083 2 2 5 1 1426 1425 1428
3084 2 2 5 1 749 748 750
3085 2 2 5 1 503 502 504
3086 2 2 5 1 417 416 418
3087 2 2 5 1 531 530 532
3088 2 2 5 1 795 948 976
3089 2 2 5 1 694 693 703
3090 2 2 5 1 543 542 544
3091 2 2 5 1 861 859 862
3092 2 2 5 1 825 936 937
3093 2 2 5 1 470 476 648
3094 2 2 5 1 415 414 416
3095 2 2 5 1 385 384 386
3096 2 2 5 1 759 758 760
3097 2 2 5 1 757 756 758
3098 2 2 5 1 704 703 842
3099 2 2 5 1 865 864 866
3100 2 2 5 1 982 1006 1007
3101 2 2 5 1 803 804 845
3102 2 2 5 1 625 591 1972
3103 2 2 5 1 892 893 894
3104 2 2 5 1 553 552 554
3105 2 2 5 1 119 120 291
3106 2 2 5 1 383 382 384
3107 2 2 5 1 769 768 770
3108 2 2 5 1 624 1991 2002
3109 2 2 5 1 1222 1320 1326
3110 2 2 5 1 726 806 1938
3111 2 2 5 1 541 540 542
3112 2 2 5 1 1222 1220 1320
3113 2 2 5 1 1581 1582 2066
3114 2 2 5 1 890 891 892
3115 2 2 5 1 381 380 382
3116 2 2 5 1 986 820 2016
3117 2 2 5 1 906 907 908
3118 2 2 5 1 2049 1009 2066
3119 2 2 5 1 1367 1368 1371
3120 2 2 5 1 896 897 898
3121 2 2 5 1 442 440 454
3122 2 2 5 1 2023 2035 2047
3123 2 2 5 1 497 496 498
3124 2 2 5 1 1248 1247 1391
3125 2 2 5 1 641 1876 1958
3126 2 2 5 1 661 625 1972
3127 2 2 5 1 578 979 1935
3128 2 2 5 1 618 617 790
3129 2 2 5 1 505 504 1967
3130 2 2 5 1 628 620 1931
3131 2 2 5 1 31 32 319
3132 2 2 5 1 790 820 822
3133 2 2 5 1 1254 1255 1316
3134 2 2 5 1 40 41 317
3135 2 2 5 1 379 378 380
3136 2 2 5 1 45 46 318
3137 2 2 5 1 766 961 1975
3138 2 2 5 1 340 342 1817
3139 2 2 5 1 1064 1063 1065
3140 2 2 5 1 851 832 852
3141 2 2 5 1 806 1223 1938
3142 2 2 5 1 1528 1004 1628
3143 2 2 5 1 1234 1232 1265
3144 2 2 5 1 849 965 967
3145 2 2 5 1 351 353 355
3146 2 2 5 1 559 560 561
3147 2 2 5 1 1381 1012 2024
3148 2 2 5 1 25 26 316
3149 2 2 5 1 28 29 251
3150 2 2 5 1 1387 1226 1388
3151 2 2 5 1 18 19 249
3152 2 2 5 1 20 21 322
3153 2 2 5 1 23 24 250
3154 2 2 5 1 768 766 1975
3155 2 2 5 1 1026 1191 1192
3156 2 2 5 1 827 867 868
3157 2 2 5 1 902 903 904
3158 2 2 5 1 1267 1024 1268
3159 2 2 5 1 1365 1366 1367
3160 2 2 5 1 43 44 254
3161 2 2 5 1 33 34 252
3162 2 2 5 1 48 49 255
3163 2 2 5 1 624 629 1991
3164 2 2 5 1 353 356 1983
3165 2 2 5 1 1666 1665 1988
3166 2 2 5 1 1058 1056 2047
3167 2 2 5 1 365 366 367
3168 2 2 5 1 998 843 1957
3169 2 2 5 1 38 39 253
3170 2 2 5 1 574 572 596
3171 2 2 5 1 1007 1171 1310
3172 2 2 5 1 1192 1222 1329
3173 2 2 5 1 35 36 320
3174 2 2 5 1 982 1007 1984
3175 2 2 5 1 377 376 378
3176 2 2 5 1 771 770 772
3177 2 2 5 1 1073 1076 1987
3178 2 2 5 1 821 1028 1029
3179 2 2 5 1 2002 1252 2003
3180 2 2 5 1 359 1908 1962
3181 2 2 5 1 637 639 803
3182 2 2 5 1 1624 1622 1731
3183 2 2 5 1 831 646 833
3184 2 2 5 1 703 693 980
3185 2 2 5 1 342 343 344
3186 2 2 5 1 996 1256 1309
3187 2 2 5 1 466 470 1980
3188 2 2 5 1 723 725 981
3189 2 2 5 1 822 986 987
3190 2 2 5 1 704 842 1957
3191 2 2 5 1 492 2002 2003
3192 2 2 5 1 976 948 977
3193 2 2 5 1 571 572 573
3194 2 2 5 1 1951 676 1995
3195 2 2 5 1 79 80 1953
3196 2 2 5 1 845 846 849
3197 2 2 5 1 806 984 1223
3198 2 2 5 1 51 52 314
3199 2 2 5 1 603 1823 1824
3200 2 2 5 1 1519 1249 2012
3201 2 2 5 1 623 494 2003
3202 2 2 5 1 824 826 827
3203 2 2 5 1 595 594 606
3204 2 2 5 1 375 374 376
3205 2 2 5 1 996 974 1254
3206 2 2 5 1 995 955 1063
3207 2 2 5 1 430 357 1962
3208 2 2 5 1 495 494 496
3209 2 2 5 1 1227 1210 1228
3210 2 2 5 1 823 628 824
3211 2 2 5 1 829 1671 1982
3212 2 2 5 1 111 112 330
3213 2 2 5 1 504 645 1967
3214 2 2 5 1 1793 1796 1797
3215 2 2 5 1 1615 1616 1959
3216 2 2 5 1 1934 570 2071
3217 2 2 5 1 820 821 2016
3218 2 2 5 1 1583 2032 2049
3219 2 2 5 1 144 145 326
3220 2 2 5 1 719 721 921
3221 2 2 5 1 146 147 243
3222 2 2 5 1 136 137 241
3223 2 2 5 1 138 139 325
3224 2 2 5 1 141 142 242
3225 2 2 5 1 151 152 244
3226 2 2 5 1 153 154 327
3227 2 2 5 1 156 157 245
3228 2 2 5 1 159 160 324
3229 2 2 5 1 161 162 246
3230 2 2 5 1 163 164 329
3231 2 2 5 1 166 167 247
3232 2 2 5 1 344 345 347
3233 2 2 5 1 475 469 2045
3234 2 2 5 1 500 498 651
3235 2 2 5 1 1070 1071 1072
3236 2 2 5 1 148 149 328
3237 2 2 5 1 612 611 614
3238 2 2 5 1 629 795 1991
3239 2 2 5 1 607 606 611
3240 2 2 5 1 785 787 819
3241 2 2 5 1 373 372 374
3242 2 2 5 1 1228 1229 1230
3243 2 2 5 1 876 878 927
3244 2 2 5 1 477 844 1956
3245 2 2 5 1 586 561 2050
3246 2 2 5 1 577 579 2005
3247 2 2 5 1 1421 808 2004
3248 2 2 5 1 992 1203 1204
3249 2 2 5 1 363 364 365
3250 2 2 5 1 773 772 774
3251 2 2 5 1 824 827 938
3252 2 2 5 1 559 558 560
3253 2 2 5 1 981 982 1984
3254 2 2 5 1 844 1008 1956
3255 2 2 5 1 590 578 1935
3256 2 2 5 1 987 986 1262
3257 2 2 5 1 610 609 619
3258 2 2 5 1 607 612 613
3259 2 2 5 1 371 370 372
3260 2 2 5 1 486 487 488
3261 2 2 5 1 1948 850 1949
3262 2 2 5 1 1671 1674 1982
3263 2 2 5 1 779 780 781
3264 2 2 5 1 148 328 1978
3265 2 2 5 1 715 717 959
3266 2 2 5 1 568 566 597
3267 2 2 5 1 976 1051 1252
3268 2 2 5 1 825 823 936
3269 2 2 5 1 1972 1949 1973
3270 2 2 5 1 426 424 445
3271 2 2 5 1 792 473 793
3272 2 2 5 1 870 872 926
3273 2 2 5 1 627 628 823
3274 2 2 5 1 491 624 2002
3275 2 2 5 1 996 1254 1256
3276 2 2 5 1 1072 1073 1987
3277 2 2 5 1 1908 1905 2059
3278 2 2 5 1 1033 1031 1034
3279 2 2 5 1 956 788 974
3280 2 2 5 1 848 1937 1996
3281 2 2 5 1 1861 1436 1952
3282 2 2 5 1 356 486 1983
3283 2 2 5 1 880 882 939
3284 2 2 5 1 1674 1677 1826
3285 2 2 5 1 470 648 1980
3286 2 2 5 1 347 345 348
3287 2 2 5 1 795 976 1991
3288 2 2 5 1 1231 1229 1287
3289 2 2 5 1 1744 1236 2017
3290 2 2 5 1 1512 1511 1513
3291 2 2 5 1 486 488 1057
3292 2 2 5 1 455 454 460
3293 2 2 5 1 1266 1265 1270
3294 2 2 5 1 1669 1666 1988
3295 2 2 5 1 1183 1034 1185
3296 2 2 5 1 1076 1164 1987
3297 2 2 5 1 369 368 370
3298 2 2 5 1 1007 1310 1311
3299 2 2 5 1 699 701 963
3300 2 2 5 1 420 418 446
3301 2 2 5 1 1040 1037 2013
3302 2 2 5 1 705 707 962
3303 2 2 5 1 1765 2163 2165
3304 2 2 5 1 1914 622 1989
3305 2 2 5 1 1964 720 2012
3306 2 2 5 1 1066 1067 1068
3307 2 2 5 1 1068 1069 1070
3308 2 2 5 1 1395 297 1396
3309 2 2 5 1 461 460 467
3310 2 2 5 1 661 1972 1973
3311 2 2 5 1 1815 1739 1816
3312 2 2 5 1 1224 1226 1387
3313 2 2 5 1 709 711 919
3314 2 2 5 1 361 362 363
3315 2 2 5 1 681 683 916
3316 2 2 5 1 1076 1078 1164
3317 2 2 5 1 831 833 945
3318 2 2 5 1 593 595 1053
3319 2 2 5 1 687 689 968
3320 2 2 5 1 691 695 918
3321 2 2 5 1 1045 1043 1324
3322 2 2 5 1 1080 1082 1157
3323 2 2 5 1 1616 1619 1959
3324 2 2 5 1 1053 595 2027
3325 2 2 5 1 326 145 1974
3326 2 2 5 1 572 570 1934
3327 2 2 5 1 416 414 653
3328 2 2 5 1 593 594 595
3329 2 2 5 1 976 977 1051
3330 2 2 5 1 1090 1092 1158
3331 2 2 5 1 1086 1088 1165
3332 2 2 5 1 788 786 2011
3333 2 2 5 1 487 850 1948
3334 2 2 5 1 152 153 1981
3335 2 2 5 1 2052 1754 2065
3336 2 2 5 1 671 673 973
3337 2 2 5 1 1206 1207 1208
3338 2 2 5 1 1198 1199 1275
3339 2 2 5 1 663 665 978
3340 2 2 5 1 791 617 2007
3341 2 2 5 1 675 677 914
3342 2 2 5 1 479 340 1817
3343 2 2 5 1 958 1215 2019
3344 2 2 5 1 1106 1108 1174
3345 2 2 5 1 667 669 975
3346 2 2 5 1 937 936 1198
3347 2 2 5 1 398 396 451
3348 2 2 5 1 775 774 776
3349 2 2 5 1 1612 1615 1923
3350 2 2 5 1 404 402 448
3351 2 2 5 1 1322 1244 2069
3352 2 2 5 1 171 248 2060
3353 2 2 5 1 1580 1009 2085
3354 2 2 5 1 627 620 628
3355 2 2 5 1 410 408 447
3356 2 2 5 1 1110 1112 1160
3357 2 2 5 1 980 693 1973
3358 2 2 5 1 845 849 1009
3359 2 2 5 1 1049 1045 2048
3360 2 2 5 1 468 467 478
3361 2 2 5 1 1096 1098 1159
3362 2 2 5 1 394 392 657
3363 2 2 5 1 488 489 490
3364 2 2 5 1 1184 1183 1264
3365 2 2 5 1 651 498 1979
3366 2 2 5 1 1262 986 1263
3367 2 2 5 1 2223 1871 2225
3368 2 2 5 1 160 161 1970
3369 2 2 5 1 820 791 821
3370 2 2 5 1 498 496 1979
3371 2 2 5 1 359 360 361
3372 2 2 5 1 834 1609 2006
3373 2 2 5 1 604 590 1935
3374 2 2 5 1 1198 936 1199
3375 2 2 5 1 790 791 820
3376 2 2 5 1 607 611 612
3377 2 2 5 1 1116 1118 1176
3378 2 2 5 1 1937 466 1980
3379 2 2 5 1 390 388 449
3380 2 2 5 1 1102 1104 1173
3381 2 2 5 1 613 612 617
3382 2 2 5 1 944 1200 1201
3383 2 2 5 1 367 366 368
3384 2 2 5 1 850 430 1962
3385 2 2 5 1 561 562 563
3386 2 2 5 1 384 382 656
3387 2 2 5 1 1007 1311 1984
3388 2 2 5 1 1439 1436 1861
3389 2 2 5 1 1012 966 2024
3390 2 2 5 1 1033 1183 1184
3391 2 2 5 1 357 354 358
3392 2 2 5 1 490 492 493
3393 2 2 5 1 777 776 778
3394 2 2 5 1 1213 957 1317
3395 2 2 5 1 645 646 647
3396 2 2 5 1 595 607 2027
3397 2 2 5 1 1029 1031 1033
3398 2 2 5 1 52 53 2025
3399 2 2 5 1 592 603 1824
3400 2 2 5 1 790 617 791
3401 2 2 5 1 647 831 832
3402 2 2 5 1 789 957 958
3403 2 2 5 1 1208 1207 1211
3404 2 2 5 1 492 491 2002
3405 2 2 5 1 1120 1122 1161
3406 2 2 5 1 490 491 492
3407 2 2 5 1 380 378 450
3408 2 2 5 1 1067 1065 2061
3409 2 2 5 1 486 1057 1983
3410 2 2 5 1 229 230 321
3411 2 2 5 1 595 606 607
3412 2 2 5 1 162 163 1965
3413 2 2 5 1 571 570 572
3414 2 2 5 1 355 353 1983
3415 2 2 5 1 1975 961 1976
3416 2 2 5 1 352 350 1990
3417 2 2 5 1 693 661 1973
3418 2 2 5 1 1674 1826 1982
3419 2 2 5 1 569 570 571
3420 2 2 5 1 609 604 2026
3421 2 2 5 1 866 943 944
3422 2 2 5 1 1228 1210 1229
3423 2 2 5 1 779 778 780
3424 2 2 5 1 579 593 2005
3425 2 2 5 1 1230 1229 1231
3426 2 2 5 1 1209 1208 1210
3427 2 2 5 1 504 622 645
3428 2 2 5 1 340 341 342
3429 2 2 5 1 374 372 654
3430 2 2 5 1 1064 1065 1066
3431 2 2 5 1 561 560 562
3432 2 2 5 1 1022 1020 1027
3433 2 2 5 1 1210 1208 2034
3434 2 2 5 1 548 546 599
3435 2 2 5 1 1428 1425 1818
3436 2 2 5 1 822 820 986
3437 2 2 5 1 1056 2023 2047
3438 2 2 5 1 613 807 2027
3439 2 2 5 1 1204 1203 1925
3440 2 2 5 1 1937 1980 1996
3441 2 2 5 1 357 358 359
3442 2 2 5 1 1205 1204 1206
3443 2 2 5 1 619 620 627
3444 2 2 5 1 976 1252 1991
3445 2 2 5 1 1130 1132 1162
3446 2 2 5 1 643 641 1958
3447 2 2 5 1 558 556 598
3448 2 2 5 1 866 864 943
3449 2 2 5 1 728 643 1958
3450 2 2 5 1 473 468 1977
3451 2 2 5 1 349 351 2040
3452 2 2 5 1 365 364 366
3453 2 2 5 1 1126 1128 1177
3454 2 2 5 1 493 492 494
3455 2 2 5 1 227 228 282
3456 2 2 5 1 593 1053 2005
3457 2 2 5 1 945 946 1193
3458 2 2 5 1 732 730 972
3459 2 2 5 1 859 857 931
3460 2 2 5 1 1200 943 1202
3461 2 2 5 1 1167 1560 2088
3462 2 2 5 1 354 352 1986
3463 2 2 5 1 1136 1140 1163
3464 2 2 5 1 1232 1231 2009
3465 2 2 5 1 1703 2103 2105
3466 2 2 5 1 1051 977 1052
3467 2 2 5 1 508 505 1967
3468 2 2 5 1 956 974 996
3469 2 2 5 1 740 738 969
3470 2 2 5 1 564 562 659
3471 2 2 5 1 518 516 602
3472 2 2 5 1 1104 1106 1993
3473 2 2 5 1 569 568 570
3474 2 2 5 1 1360 1362 1370
3475 2 2 5 1 736 734 971
3476 2 2 5 1 514 512 655
3477 2 2 5 1 821 1029 2043
3478 2 2 5 1 1034 1031 1966
3479 2 2 5 1 1991 1252 2002
3480 2 2 5 1 554 552 650
3481 2 2 5 1 1263 986 2016
3482 2 2 5 1 110 111 1939
3483 2 2 5 1 770 768 960
3484 2 2 5 1 886 888 928
3485 2 2 5 1 504 502 622
3486 2 2 5 1 536 534 605
3487 2 2 5 1 750 748 917
3488 2 2 5 1 528 526 601
3489 2 2 5 1 370 368 452
3490 2 2 5 1 910 912 942
3491 2 2 5 1 522 520 658
3492 2 2 5 1 890 892 940
3493 2 2 5 1 1208 1211 2034
3494 2 2 5 1 562 560 2001
3495 2 2 5 1 906 908 941
3496 2 2 5 1 1247 985 1942
3497 2 2 5 1 756 754 964
3498 2 2 5 1 902 904 930
3499 2 2 5 1 823 824 1997
3500 2 2 5 1 532 530 660
3501 2 2 5 1 852 832 932
3502 2 2 5 1 1192 1329 2020
3503 2 2 5 1 350 348 462
3504 2 2 5 1 1436 1432 1952
3505 2 2 5 1 925 1260 1261
3506 2 2 5 1 360 358 860
3507 2 2 5 1 864 862 2022
3508 2 2 5 1 1206 1208 1209
3509 2 2 5 1 1068 1070 1300
3510 2 2 5 1 243 147 1978
3511 2 2 5 1 363 362 364
3512 2 2 5 1 744 742 915
3513 2 2 5 1 1078 1080 1999
3514 2 2 5 1 604 1935 2026
3515 2 2 5 1 619 609 620
3516 2 2 5 1 789 788 956
3517 2 2 5 1 542 540 600
3518 2 2 5 1 244 152 1981
3519 2 2 5 1 324 160 1970
3520 2 2 5 1 1380 1049 2048
3521 2 2 5 1 995 1063 1064
3522 2 2 5 1 994 1212 1298
3523 2 2 5 1 246 162 1965
3524 2 2 5 1 1808 635 2032
3525 2 2 5 1 789 956 957
3526 2 2 5 1 760 758 920
3527 2 2 5 1 1008 953 2014
3528 2 2 5 1 1829 1828 2094
3529 2 2 5 1 418 416 1998
3530 2 2 5 1 945 1194 1994
3531 2 2 5 1 1760 1050 2077
3532 2 2 5 1 645 622 646
3533 2 2 5 1 168 169 323
3534 2 2 5 1 648 663 2018
3535 2 2 5 1 1200 1202 1276
3536 2 2 5 1 766 764 961
3537 2 2 5 1 1033 1034 1183
3538 2 2 5 1 357 359 1962
3539 2 2 5 1 647 646 831
3540 2 2 5 1 468 478 1977
3541 2 2 5 1 1579 1010 2057
3542 2 2 5 1 567 568 569
3543 2 2 5 1 567 566 568
3544 2 2 5 1 1051 1052 1060
3545 2 2 5 1 508 1754 2052
3546 2 2 5 1 1088 1090 2000
3547 2 2 5 1 659 562 2001
3548 2 2 5 1 1609 1612 2006
3549 2 2 5 1 314 52 2025
3550 2 2 5 1 944 943 1200
3551 2 2 5 1 467 460 474
3552 2 2 5 1 563 562 564
3553 2 2 5 1 145 146 1974
3554 2 2 5 1 1980 648 2018
3555 2 2 5 1 992 1204 1205
3556 2 2 5 1 361 360 362
3557 2 2 5 1 651 1979 2023
3558 2 2 5 1 7 8 293
3559 2 2 5 1 1057 1963 2042
3560 2 2 5 1 1054 1914 2053
3561 2 2 5 1 1287 1229 2034
3562 2 2 5 1 500 651 1989
3563 2 2 5 1 344 343 345
3564 2 2 5 1 936 823 1997
3565 2 2 5 1 1425 1421 2004
3566 2 2 5 1 1106 1174 1993
3567 2 2 5 1 786 784 970
3568 2 2 5 1 824 938 1997
3569 2 2 5 1 774 772 922
3570 2 2 5 1 953 992 2014
3571 2 2 5 1 896 898 929
3572 2 2 5 1 663 978 2018
3573 2 2 5 1 1409 1242 2039
3574 2 2 5 1 831 945 1994
3575 2 2 5 1 839 793 840
3576 2 2 5 1 565 566 567
3577 2 2 5 1 1797 1796 1819
3578 2 2 5 1 224 225 294
3579 2 2 5 1 1063 955 2058
3580 2 2 5 1 446 418 1998
3581 2 2 5 1 2016 821 2043
3582 2 2 5 1 502 500 1989
3583 2 2 5 1 458 463 2073
3584 2 2 5 1 416 653 1998
3585 2 2 5 1 364 362 453
3586 2 2 5 1 137 138 1969
3587 2 2 5 1 563 564 565
3588 2 2 5 1 1164 1078 1999
3589 2 2 5 1 1432 810 1952
3590 2 2 5 1 780 778 923
3591 2 2 5 1 1080 1157 1999
3592 2 2 5 1 1156 1179 1180
3593 2 2 5 1 1351 1353 2010
3594 2 2 5 1 945 1193 1194
3595 2 2 5 1 1010 1011 2057
3596 2 2 5 1 1165 1088 2000
3597 2 2 5 1 565 564 566
3598 2 2 5 1 138 325 1969
3599 2 2 5 1 620 609 2026
3600 2 2 5 1 359 358 360
3601 2 2 5 1 161 246 1970
3602 2 2 5 1 1064 1066 1299
3603 2 2 5 1 1173 1104 1993
3604 2 2 5 1 163 329 1965
3605 2 2 5 1 1760 1934 2071
3606 2 2 5 1 1236 1961 2017
3607 2 2 5 1 1930 1931 2064
3608 2 2 5 1 281 110 1939
3609 2 2 5 1 958 1213 1214
3610 2 2 5 1 1996 1980 2018
3611 2 2 5 1 607 613 2027
3612 2 2 5 1 596 1934 2077
3613 2 2 5 1 1194 1193 1277
3614 2 2 5 1 1934 1760 2077
3615 2 2 5 1 105 106 1992
3616 2 2 5 1 958 957 1213
3617 2 2 5 1 1090 1158 2000
3618 2 2 5 1 960 768 1975
3619 2 2 5 1 107 108 2015
3620 2 2 5 1 226 227 1985
3621 2 2 5 1 1867 312 2036
3622 2 2 5 1 490 493 2021
3623 2 2 5 1 617 612 2007
3624 2 2 5 1 635 637 2032
3625 2 2 5 1 2028 277 2277
3626 2 2 5 1 622 502 1989
3627 2 2 5 1 1612 1923 2006
3628 2 2 5 1 342 341 343
3629 2 2 5 1 338 339 340
3630 2 2 5 1 153 327 1981
3631 2 2 5 1 597 566 2029
3632 2 2 5 1 951 840 954
3633 2 2 5 1 1231 1287 1288
3634 2 2 5 1 509 508 2052
3635 2 2 5 1 1199 936 1997
3636 2 2 5 1 494 492 2003
3637 2 2 5 1 1057 488 2021
3638 2 2 5 1 832 831 1994
3639 2 2 5 1 1265 1232 2009
3640 2 2 5 1 781 782 783
3641 2 2 5 1 728 1958 2030
3642 2 2 5 1 1979 623 2035
3643 2 2 5 1 637 803 2032
3644 2 2 5 1 623 2003 2046
3645 2 2 5 1 1986 352 1990
3646 2 2 5 1 1271 1268 1274
3647 2 2 5 1 992 1205 2014
3648 2 2 5 1 241 137 1969
3649 2 2 5 1 1583 2049 2066
3650 2 2 5 1 106 107 292
3651 2 2 5 1 781 780 782
3652 2 2 5 1 1298 1212 1301
3653 2 2 5 1 485 349 2040
3654 2 2 5 1 111 330 1939
3655 2 2 5 1 1317 957 2051
3656 2 2 5 1 943 864 2022
3657 2 2 5 1 932 832 1994
3658 2 2 5 1 793 473 1977
3659 2 2 5 1 612 614 2007
3660 2 2 5 1 974 788 2011
3661 2 2 5 1 994 955 995
3662 2 2 5 1 350 462 1990
3663 2 2 5 1 787 788 789
3664 2 2 5 1 554 650 2056
3665 2 2 5 1 1252 1051 2046
3666 2 2 5 1 549 633 2038
3667 2 2 5 1 1170 1489 2101
3668 2 2 5 1 1414 1223 2079
3669 2 2 5 1 845 1009 2049
3670 2 2 5 1 789 958 2019
3671 2 2 5 1 1032 1038 1966
3672 2 2 5 1 1818 1425 2004
3673 2 2 5 1 358 354 1986
3674 2 2 5 1 1242 1382 2039
3675 2 2 5 1 1526 1527 2054
3676 2 2 5 1 1931 620 2026
3677 2 2 5 1 1209 1406 2070
3678 2 2 5 1 2023 1979 2035
3679 2 2 5 1 2003 1252 2046
3680 2 2 5 1 1229 1210 2034
3681 2 2 5 1 1989 651 2053
3682 2 2 5 1 488 490 2021
3683 2 2 5 1 1930 2064 2078
3684 2 2 5 1 994 995 1212
3685 2 2 5 1 1216 1214 1217
3686 2 2 5 1 2059 1905 2074
3687 2 2 5 1 1066 1068 2031
3688 2 2 5 1 146 243 1974
3689 2 2 5 1 783 782 784
3690 2 2 5 1 1231 1288 2009
3691 2 2 5 1 1958 1530 2030
3692 2 2 5 1 860 358 1986
3693 2 2 5 1 1031 1032 1966
3694 2 2 5 1 954 955 994
3695 2 2 5 1 338 336 339
3696 2 2 5 1 1205 1206 2070
3697 2 2 5 1 2032 803 2049
3698 2 2 5 1 471 465 2067
3699 2 2 5 1 783 784 785
3700 2 2 5 1 1068 1300 2031
3701 2 2 5 1 730 728 2030
3702 2 2 5 1 954 840 955
3703 2 2 5 1 1202 943 2022
3704 2 2 5 1 2035 1060 2047
3705 2 2 5 1 1914 1989 2053
3706 2 2 5 1 340 339 341
3707 2 2 5 1 1029 1033 2043
3708 2 2 5 1 1758 1757 2063
3709 2 2 5 1 803 845 2049
3710 2 2 5 1 995 1064 2028
3711 2 2 5 1 345 343 652
3712 2 2 5 1 598 556 2056
3713 2 2 5 1 1703 975 2103
3714 2 2 5 1 248 337 2060
3715 2 2 5 1 1196 1058 2055
3716 2 2 5 1 556 554 2056
3717 2 2 5 1 2001 560 2033
3718 2 2 5 1 348 345 2041
3719 2 2 5 1 655 512 2052
3720 2 2 5 1 850 1962 2059
3721 2 2 5 1 1299 1066 2031
3722 2 2 5 1 462 348 2041
3723 2 2 5 1 1481 1468 2098
3724 2 2 5 1 785 784 786
3725 2 2 5 1 512 509 2052
3726 2 2 5 1 787 786 788
3727 2 2 5 1 560 558 2033
3728 2 2 5 1 1065 1063 2086
3729 2 2 5 1 170 171 2060
3730 2 2 5 1 1045 1324 2048
3731 2 2 5 1 980 2074 2083
3732 2 2 5 1 1962 1908 2059
3733 2 2 5 1 561 563 2050
3734 2 2 5 1 469 471 2045
3735 2 2 5 1 227 282 1985
3736 2 2 5 1 298 135 1946
3737 2 2 5 1 972 730 2030
3738 2 2 5 1 1064 1299 2028
3739 2 2 5 1 1051 1060 2046
3740 2 2 5 1 355 1983 2042
3741 2 2 5 1 564 659 2029
3742 2 2 5 1 785 786 787
3743 2 2 5 1 1212 995 2028
3744 2 2 5 1 1011 1319 2057
3745 2 2 5 1 566 564 2029
3746 2 2 5 1 440 428 2080
3747 2 2 5 1 1699 1698 2152
3748 2 2 5 1 651 2023 2053
3749 2 2 5 1 1033 1184 2043
3750 2 2 5 1 1983 1057 2042
3751 2 2 5 1 1062 1930 2078
3752 2 2 5 1 1253 1067 2061
3753 2 2 5 1 106 292 1992
3754 2 2 5 1 292 107 2015
3755 2 2 5 1 996 1309 2051
3756 2 2 5 1 1704 1701 2105
3757 2 2 5 1 1949 850 2059
3758 2 2 5 1 445 424 2076
3759 2 2 5 1 1562 1062 2081
3760 2 2 5 1 2026 1935 2064
3761 2 2 5 1 957 956 2051
3762 2 2 5 1 2016 2043 2068
3763 2 2 5 1 558 598 2033
3764 2 2 5 1 570 568 2071
3765 2 2 5 1 980 1973 2074
3766 2 2 5 1 1754 1061 2065
3767 2 2 5 1 1931 2026 2064
3768 2 2 5 1 1582 1583 2066
3769 2 2 5 1 474 460 2075
3770 2 2 5 1 1223 1224 2079
3771 2 2 5 1 1050 1562 2077
3772 2 2 5 1 956 996 2051
3773 2 2 5 1 463 1743 2073
3774 2 2 5 1 341 339 1166
3775 2 2 5 1 1757 1759 2063
3776 2 2 5 1 465 464 2067
3777 2 2 5 1 1696 1246 2135
3778 2 2 5 1 1935 979 2064
3779 2 2 5 1 2064 979 2078
3780 2 2 5 1 135 136 1946
3781 2 2 5 1 514 655 2082
3782 2 2 5 1 1945 2090 2091
3783 2 2 5 1 1062 2078 2081
3784 2 2 5 1 1244 1413 2069
3785 2 2 5 1 1634 1692 2134
3786 2 2 5 1 345 652 2041
3787 2 2 5 1 1169 1525 2072
3788 2 2 5 1 136 241 1946
3789 2 2 5 1 1949 2059 2074
3790 2 2 5 1 602 516 2082
3791 2 2 5 1 336 335 2099
3792 2 2 5 1 2074 1905 2083
3793 2 2 5 1 1945 978 2090
3794 2 2 5 1 568 597 2071
3795 2 2 5 1 1321 323 2169
3796 2 2 5 1 955 840 2058
3797 2 2 5 1 2043 1184 2068
3798 2 2 5 1 1206 1209 2070
3799 2 2 5 1 1973 1949 2074
3800 2 2 5 1 1263 2016 2068
3801 2 2 5 1 667 975 2090
3802 2 2 5 1 978 665 2090
3803 2 2 5 1 2159 369 2234
3804 2 2 5 1 1009 849 2085
3805 2 2 5 1 1390 1257 2202
3806 2 2 5 1 1504 2220 2222
3807 2 2 5 1 793 1977 2058
3808 2 2 5 1 1467 1470 2106
3809 2 2 5 1 460 454 2075
3810 2 2 5 1 840 793 2058
3811 2 2 5 1 1546 1547 2114
3812 2 2 5 1 1503 452 2218
3813 2 2 5 1 548 599 2089
3814 2 2 5 1 424 422 2076
3815 2 2 5 1 652 343 2062
3816 2 2 5 1 1110 1160 2092
3817 2 2 5 1 979 1929 2078
3818 2 2 5 1 1063 2058 2086
3819 2 2 5 1 732 972 2093
3820 2 2 5 1 1174 1108 2092
3821 2 2 5 1 1498 2211 2215
3822 2 2 5 1 1098 1100 2100
3823 2 2 5 1 1550 1543 2123
3824 2 2 5 1 1865 1866 2116
3825 2 2 5 1 343 341 2062
3826 2 2 5 1 2148 446 2150
3827 2 2 5 1 650 552 2087
3828 2 2 5 1 518 602 2095
3829 2 2 5 1 454 440 2080
3830 2 2 5 1 1699 2152 2156
3831 2 2 5 1 1996 2018 2084
3832 2 2 5 1 736 971 2102
3833 2 2 5 1 971 734 2093
3834 2 2 5 1 1224 1387 2079
3835 2 2 5 1 658 520 2095
3836 2 2 5 1 599 546 2104
3837 2 2 5 1 1418 1996 2084
3838 2 2 5 1 1358 1360 2097
3839 2 2 5 1 1905 1904 2083
3840 2 2 5 1 1929 596 2081
3841 2 2 5 1 2075 454 2080
3842 2 2 5 1 1498 654 2211
3843 2 2 5 1 1708 1705 2110
3844 2 2 5 1 516 514 2082
3845 2 2 5 1 2078 1929 2081
3846 2 2 5 1 1253 2061 2107
3847 2 2 5 1 975 669 2103
3848 2 2 5 1 671 973 2103
3849 2 2 5 1 1536 1167 2088
3850 2 2 5 1 969 738 2102
3851 2 2 5 1 1493 2209 2210
3852 2 2 5 1 2018 978 2084
3853 2 2 5 1 2058 1977 2086
3854 2 2 5 1 849 967 2085
3855 2 2 5 1 339 336 2099
3856 2 2 5 1 1977 478 2086
3857 2 2 5 1 341 1166 2062
3858 2 2 5 1 973 673 2108
3859 2 2 5 1 675 914 2108
3860 2 2 5 1 2087 550 2089
3861 2 2 5 1 478 467 2107
3862 2 2 5 1 542 600 2109
3863 2 2 5 1 550 548 2089
3864 2 2 5 1 552 550 2087
3865 2 2 5 1 1530 1485 2096
3866 2 2 5 1 665 667 2090
3867 2 2 5 1 2136 445 2139
3868 2 2 5 1 522 658 2111
3869 2 2 5 1 1471 1474 2118
3870 2 2 5 1 915 742 2112
3871 2 2 5 1 1691 1686 2129
3872 2 2 5 1 601 526 2113
3873 2 2 5 1 1828 1488 2094
3874 2 2 5 1 914 677 2115
3875 2 2 5 1 1494 450 2208
3876 2 2 5 1 2061 478 2107
3877 2 2 5 1 740 969 2112
3878 2 2 5 1 681 916 2119
3879 2 2 5 1 1108 1110 2092
3880 2 2 5 1 536 605 2121
3881 2 2 5 1 734 732 2093
3882 2 2 5 1 1417 1945 2091
3883 2 2 5 1 520 518 2095
3884 2 2 5 1 1483 1481 2098
3885 2 2 5 1 1558 1172 2125
3886 2 2 5 1 2080 428 2136
3887 2 2 5 1 600 540 2120
3888 2 2 5 1 2005 1315 2240
3889 2 2 5 1 1571 2204 2206
3890 2 2 5 1 1360 1370 2097
3891 2 2 5 1 1561 1170 2101
3892 2 2 5 1 738 736 2102
3893 2 2 5 1 1159 1098 2100
3894 2 2 5 1 972 2030 2096
3895 2 2 5 1 1092 1094 2128
3896 2 2 5 1 1566 2199 2200
3897 2 2 5 1 1591 1768 2179
3898 2 2 5 1 2030 1530 2096
3899 2 2 5 1 1571 656 2204
3900 2 2 5 1 1957 1308 2216
3901 2 2 5 1 916 683 2126
3902 2 2 5 1 687 968 2127
3903 2 2 5 1 532 660 2124
3904 2 2 5 1 1635 1630 2142
3905 2 2 5 1 605 534 2124
3906 2 2 5 1 2202 1257 2214
3907 2 2 5 1 669 671 2103
3908 2 2 5 1 323 1321 2183
3909 2 2 5 1 1701 1703 2105
3910 2 2 5 1 1469 1467 2106
3911 2 2 5 1 546 544 2104
3912 2 2 5 1 1160 1112 2131
3913 2 2 5 1 1246 1245 2139
3914 2 2 5 1 968 689 2133
3915 2 2 5 1 691 918 2133
3916 2 2 5 1 660 530 2132
3917 2 2 5 1 744 915 2130
3918 2 2 5 1 842 703 2137
3919 2 2 5 1 467 474 2107
3920 2 2 5 1 1166 339 2099
3921 2 2 5 1 528 601 2132
3922 2 2 5 1 426 445 2136
3923 2 2 5 1 1392 1540 2244
3924 2 2 5 1 1567 449 2198
3925 2 2 5 1 1698 1695 2150
3926 2 2 5 1 2291 1217 2292
3927 2 2 5 1 673 675 2108
3928 2 2 5 1 1443 1448 2151
3929 2 2 5 1 1323 2080 2136
3930 2 2 5 1 917 748 2138
3931 2 2 5 1 1705 1706 2110
3932 2 2 5 1 544 542 2109
3933 2 2 5 1 918 695 2140
3934 2 2 5 1 524 522 2111
3935 2 2 5 1 1639 1636 2149
3936 2 2 5 1 1594 2189 2190
3937 2 2 5 1 699 963 2141
3938 2 2 5 1 1547 1548 2114
3939 2 2 5 1 202 203 2153
3940 2 2 5 1 1594 451 2189
3941 2 2 5 1 2104 544 2109
3942 2 2 5 1 1589 2186 2187
3943 2 2 5 1 742 740 2112
3944 2 2 5 1 2135 1246 2139
3945 2 2 5 1 2240 1315 2242
3946 2 2 5 1 705 962 2145
3947 2 2 5 1 963 701 2145
3948 2 2 5 1 1116 1176 2146
3949 2 2 5 1 526 524 2113
3950 2 2 5 1 420 446 2148
3951 2 2 5 1 750 917 2143
3952 2 2 5 1 677 679 2115
3953 2 2 5 1 964 754 2147
3954 2 2 5 1 1864 1865 2116
3955 2 2 5 1 524 2111 2113
3956 2 2 5 1 1720 2193 2195
3957 2 2 5 1 1720 657 2193
3958 2 2 5 1 1472 1471 2118
3959 2 2 5 1 1251 1168 2117
3960 2 2 5 1 1590 448 2184
3961 2 2 5 1 1643 1640 2155
3962 2 2 5 1 962 707 2154
3963 2 2 5 1 679 681 2119
3964 2 2 5 1 709 919 2154
3965 2 2 5 1 1713 1712 2122
3966 2 2 5 1 311 1862 2160
3967 2 2 5 1 2115 679 2119
3968 2 2 5 1 540 538 2120
3969 2 2 5 1 538 536 2121
3970 2 2 5 1 329 2214 2224
3971 2 2 5 1 1543 1544 2123
3972 2 2 5 1 1449 1452 2162
3973 2 2 5 1 2120 538 2121
3974 2 2 5 1 1568 1719 2195
3975 2 2 5 1 980 2083 2137
3976 2 2 5 1 2076 422 2148
3977 2 2 5 1 1765 2165 2166
3978 2 2 5 1 920 758 2157
3979 2 2 5 1 756 964 2157
3980 2 2 5 1 1764 1762 2166
3981 2 2 5 1 1403 1505 2222
3982 2 2 5 1 1697 2076 2148
3983 2 2 5 1 1911 653 2163
3984 2 2 5 1 653 414 2163
3985 2 2 5 1 1770 447 2173
3986 2 2 5 1 1248 1392 2233
3987 2 2 5 1 1769 2176 2179
3988 2 2 5 1 1226 1321 2169
3989 2 2 5 1 410 447 2165
3990 2 2 5 1 1323 2136 2139
3991 2 2 5 1 715 959 2167
3992 2 2 5 1 1172 1551 2125
3993 2 2 5 1 534 532 2124
3994 2 2 5 1 1424 1422 2175
3995 2 2 5 1 1697 2148 2150
3996 2 2 5 1 683 685 2126
3997 2 2 5 1 685 687 2127
3998 2 2 5 1 719 921 2172
3999 2 2 5 1 1686 1688 2129
4000 2 2 5 1 919 711 2171
4001 2 2 5 1 2126 685 2127
4002 2 2 5 1 723 981 2174
4003 2 2 5 1 921 721 2174
4004 2 2 5 1 1158 1092 2128
4005 2 2 5 1 959 717 2172
4006 2 2 5 1 746 744 2130
4007 2 2 5 1 1650 1646 2164
4008 2 2 5 1 447 408 2173
4009 2 2 5 1 1259 2239 2246
4010 2 2 5 1 1426 1429 2205
4011 2 2 5 1 2183 1321 2194
4012 2 2 5 1 2180 1976 2231
4013 2 2 5 1 1112 1114 2131
4014 2 2 5 1 530 528 2132
4015 2 2 5 1 404 448 2176
4016 2 2 5 1 1654 1651 2168
4017 2 2 5 1 323 169 2170
4018 2 2 5 1 1176 1118 2177
4019 2 2 5 1 1120 1161 2177
4020 2 2 5 1 689 691 2133
4021 2 2 5 1 1180 1181 2245
4022 2 2 5 1 1592 1587 2187
4023 2 2 5 1 1858 1859 2185
4024 2 2 5 1 760 920 2178
4025 2 2 5 1 1259 1559 2239
4026 2 2 5 1 1692 1693 2134
4027 2 2 5 1 170 2060 2170
4028 2 2 5 1 428 426 2136
4029 2 2 5 1 746 2130 2138
4030 2 2 5 1 445 2076 2135
4031 2 2 5 1 703 980 2137
4032 2 2 5 1 2174 981 2226
4033 2 2 5 1 247 167 2183
4034 2 2 5 1 1495 1570 2206
4035 2 2 5 1 748 746 2138
4036 2 2 5 1 1245 1323 2139
4037 2 2 5 1 1975 1976 2182
4038 2 2 5 1 961 764 2181
4039 2 2 5 1 448 402 2184
4040 2 2 5 1 168 323 2183
4041 2 2 5 1 398 451 2186
4042 2 2 5 1 432 1656 2228
4043 2 2 5 1 1698 2150 2152
4044 2 2 5 1 2038 633 2180
4045 2 2 5 1 2131 1114 2146
4046 2 2 5 1 1718 1593 2190
4047 2 2 5 1 695 697 2140
4048 2 2 5 1 1225 1902 2194
4049 2 2 5 1 1509 1512 2191
4050 2 2 5 1 961 2181 2231
4051 2 2 5 1 922 772 2188
4052 2 2 5 1 2233 1392 2244
4053 2 2 5 1 697 699 2141
4054 2 2 5 1 451 396 2189
4055 2 2 5 1 1630 1632 2142
4056 2 2 5 1 394 657 2189
4057 2 2 5 1 1534 1388 2169
4058 2 2 5 1 2140 697 2141
4059 2 2 5 1 445 2135 2139
4060 2 2 5 1 752 750 2143
4061 2 2 5 1 770 960 2188
4062 2 2 5 1 1478 1479 2144
4063 2 2 5 1 1161 1122 2192
4064 2 2 5 1 701 705 2145
4065 2 2 5 1 390 449 2193
4066 2 2 5 1 1114 1116 2146
4067 2 2 5 1 657 392 2193
4068 2 2 5 1 752 2143 2147
4069 2 2 5 1 754 752 2147
4070 2 2 5 1 1636 1637 2149
4071 2 2 5 1 422 420 2148
4072 2 2 5 1 1541 1424 2251
4073 2 2 5 1 1569 1564 2200
4074 2 2 5 1 1920 202 2153
4075 2 2 5 1 1695 1697 2150
4076 2 2 5 1 1540 1541 2250
4077 2 2 5 1 1445 1443 2151
4078 2 2 5 1 2244 1540 2250
4079 2 2 5 1 247 1390 2202
4080 2 2 5 1 707 709 2154
4081 2 2 5 1 1255 2230 2252
4082 2 2 5 1 446 1998 2152
4083 2 2 5 1 774 922 2196
4084 2 2 5 1 1640 1641 2155
4085 2 2 5 1 449 388 2198
4086 2 2 5 1 308 1855 2207
4087 2 2 5 1 1126 1177 2197
4088 2 2 5 1 384 656 2199
4089 2 2 5 1 1998 653 2156
4090 2 2 5 1 1496 1491 2210
4091 2 2 5 1 758 756 2157
4092 2 2 5 1 2152 1998 2156
4093 2 2 5 1 166 247 2202
4094 2 2 5 1 656 382 2204
4095 2 2 5 1 380 450 2204
4096 2 2 5 1 923 778 2203
4097 2 2 5 1 1311 1310 2159
4098 2 2 5 1 1860 311 2160
4099 2 2 5 1 1450 1449 2162
4100 2 2 5 1 1500 1497 2215
4101 2 2 5 1 371 432 2234
4102 2 2 5 1 1646 1647 2164
4103 2 2 5 1 2241 1181 2260
4104 2 2 5 1 414 412 2163
4105 2 2 5 1 450 378 2208
4106 2 2 5 1 2250 1541 2251
4107 2 2 5 1 374 654 2209
4108 2 2 5 1 412 410 2165
4109 2 2 5 1 2163 412 2165
4110 2 2 5 1 1072 1922 2275
4111 2 2 5 1 1651 1652 2168
4112 2 2 5 1 1762 1765 2166
4113 2 2 5 1 370 452 2211
4114 2 2 5 1 713 715 2167
4115 2 2 5 1 654 372 2211
4116 2 2 5 1 1130 1162 2213
4117 2 2 5 1 329 164 2214
4118 2 2 5 1 1177 1128 2213
4119 2 2 5 1 1515 1879 2201
4120 2 2 5 1 998 1957 2216
4121 2 2 5 1 1258 1259 2246
4122 2 2 5 1 1830 1831 2221
4123 2 2 5 1 452 368 2218
4124 2 2 5 1 1388 1226 2169
4125 2 2 5 1 713 2167 2171
4126 2 2 5 1 1260 1258 2247
4127 2 2 5 1 169 170 2170
4128 2 2 5 1 1327 271 2241
4129 2 2 5 1 1260 2247 2248
4130 2 2 5 1 432 2228 2234
4131 2 2 5 1 780 923 2212
4132 2 2 5 1 711 713 2171
4133 2 2 5 1 2150 446 2152
4134 2 2 5 1 717 719 2172
4135 2 2 5 1 721 723 2174
4136 2 2 5 1 364 453 2220
4137 2 2 5 1 362 360 2219
4138 2 2 5 1 1175 1248 2224
4139 2 2 5 1 408 406 2173
4140 2 2 5 1 1258 2246 2247
4141 2 2 5 1 1422 1427 2175
4142 2 2 5 1 2173 406 2176
4143 2 2 5 1 406 404 2176
4144 2 2 5 1 1118 1120 2177
4145 2 2 5 1 860 1986 2217
4146 2 2 5 1 970 784 2223
4147 2 2 5 1 1456 1455 2231
4148 2 2 5 1 2248 944 2249
4149 2 2 5 1 1435 1433 2229
4150 2 2 5 1 762 760 2178
4151 2 2 5 1 1656 1657 2226
4152 2 2 5 1 1869 1873 2225
4153 2 2 5 1 1768 1769 2179
4154 2 2 5 1 1396 1397 2235
4155 2 2 5 1 1162 1132 2227
4156 2 2 5 1 1657 2174 2226
4157 2 2 5 1 762 2178 2181
4158 2 2 5 1 764 762 2181
4159 2 2 5 1 1455 2038 2180
4160 2 2 5 1 1656 2226 2228
4161 2 2 5 1 167 168 2183
4162 2 2 5 1 1136 1163 2232
4163 2 2 5 1 402 400 2184
4164 2 2 5 1 960 1975 2182
4165 2 2 5 1 1857 1858 2185
4166 2 2 5 1 400 398 2186
4167 2 2 5 1 577 2005 2240
4168 2 2 5 1 2184 400 2186
4169 2 2 5 1 1587 1589 2187
4170 2 2 5 1 2181 1456 2231
4171 2 2 5 1 2011 970 2230
4172 2 2 5 1 571 573 2237
4173 2 2 5 1 1256 1254 2242
4174 2 2 5 1 589 575 2240
4175 2 2 5 1 772 770 2188
4176 2 2 5 1 1163 1140 2238
4177 2 2 5 1 396 394 2189
4178 2 2 5 1 1510 1509 2191
4179 2 2 5 1 1593 1594 2190
4180 2 2 5 1 2219 860 2236
4181 2 2 5 1 1156 1180 2243
4182 2 2 5 1 1122 1124 2192
4183 2 2 5 1 2214 1257 2224
4184 2 2 5 1 392 390 2193
4185 2 2 5 1 1404 2219 2236
4186 2 2 5 1 1321 1225 2194
4187 2 2 5 1 1719 1720 2195
4188 2 2 5 1 2254 1427 2259
4189 2 2 5 1 866 944 2248
4190 2 2 5 1 2192 1124 2197
4191 2 2 5 1 776 774 2196
4192 2 2 5 1 388 386 2198
4193 2 2 5 1 1124 1126 2197
4194 2 2 5 1 1429 1465 2205
4195 2 2 5 1 2198 386 2199
4196 2 2 5 1 386 384 2199
4197 2 2 5 1 2217 1405 2236
4198 2 2 5 1 1564 1566 2200
4199 2 2 5 1 245 2259 2261
4200 2 2 5 1 776 2196 2203
4201 2 2 5 1 1516 1515 2201
4202 2 2 5 1 165 166 2202
4203 2 2 5 1 778 776 2203
4204 2 2 5 1 382 380 2204
4205 2 2 5 1 2132 601 2239
4206 2 2 5 1 1570 1571 2206
4207 2 2 5 1 1832 308 2207
4208 2 2 5 1 2230 1873 2252
4209 2 2 5 1 1366 1363 2253
4210 2 2 5 1 378 376 2208
4211 2 2 5 1 165 2202 2214
4212 2 2 5 1 1181 1179 2258
4213 2 2 5 1 376 374 2209
4214 2 2 5 1 2208 376 2209
4215 2 2 5 1 159 324 2254
4216 2 2 5 1 1491 1493 2210
4217 2 2 5 1 2175 1427 2254
4218 2 2 5 1 1181 2241 2245
4219 2 2 5 1 1179 1178 2257
4220 2 2 5 1 2263 1465 2264
4221 2 2 5 1 372 370 2211
4222 2 2 5 1 1178 1182 2256
4223 2 2 5 1 1128 1130 2213
4224 2 2 5 1 164 165 2214
4225 2 2 5 1 1179 2257 2258
4226 2 2 5 1 944 1201 2249
4227 2 2 5 1 1497 1498 2215
4228 2 2 5 1 1182 1405 2255
4229 2 2 5 1 782 780 2212
4230 2 2 5 1 1559 2132 2239
4231 2 2 5 1 1084 1845 2273
4232 2 2 5 1 1307 998 2216
4233 2 2 5 1 245 157 2259
4234 2 2 5 1 368 366 2218
4235 2 2 5 1 1986 1990 2217
4236 2 2 5 1 1505 1504 2222
4237 2 2 5 1 1461 1460 2266
4238 2 2 5 1 782 2212 2223
4239 2 2 5 1 2224 1248 2233
4240 2 2 5 1 1402 1404 2236
4241 2 2 5 1 1438 1374 2271
4242 2 2 5 1 2218 366 2220
4243 2 2 5 1 366 364 2220
4244 2 2 5 1 360 860 2219
4245 2 2 5 1 1182 2255 2256
4246 2 2 5 1 1399 1830 2221
4247 2 2 5 1 1423 1426 2261
4248 2 2 5 1 1460 1435 2267
4249 2 2 5 1 784 782 2223
4250 2 2 5 1 1178 2256 2257
4251 2 2 5 1 1181 2258 2260
4252 2 2 5 1 1359 1356 2262
4253 2 2 5 1 1166 1328 2260
4254 2 2 5 1 2266 1460 2267
4255 2 2 5 1 1257 1175 2224
4256 2 2 5 1 1255 2011 2230
4257 2 2 5 1 1871 1869 2225
4258 2 2 5 1 327 2264 2265
4259 2 2 5 1 981 1984 2226
4260 2 2 5 1 1132 1134 2227
4261 2 2 5 1 2226 1984 2228
4262 2 2 5 1 1433 1437 2229
4263 2 2 5 1 1984 1311 2228
4264 2 2 5 1 2227 1134 2232
4265 2 2 5 1 2225 1873 2230
4266 2 2 5 1 1463 1461 2265
4267 2 2 5 1 970 2225 2230
4268 2 2 5 1 156 245 2263
4269 2 2 5 1 324 2175 2254
4270 2 2 5 1 1976 961 2231
4271 2 2 5 1 2228 1311 2234
4272 2 2 5 1 1134 1136 2232
4273 2 2 5 1 1965 329 2233
4274 2 2 5 1 327 154 2264
4275 2 2 5 1 127 2290 2296
4276 2 2 5 1 1395 1396 2235
4277 2 2 5 1 1316 1255 2252
4278 2 2 5 1 2239 2117 2246
4279 2 2 5 1 1260 2248 2249
4280 2 2 5 1 634 571 2237
4281 2 2 5 1 575 577 2240
4282 2 2 5 1 1408 2292 2293
4283 2 2 5 1 1140 1142 2238
4284 2 2 5 1 1965 2233 2244
4285 2 2 5 1 1328 1327 2241
4286 2 2 5 1 1315 1256 2242
4287 2 2 5 1 860 2217 2236
4288 2 2 5 1 2205 1465 2263
4289 2 2 5 1 2238 1142 2243
4290 2 2 5 1 2241 271 2245
4291 2 2 5 1 2268 1437 2269
4292 2 2 5 1 1142 1156 2243
4293 2 2 5 1 246 1965 2244
4294 2 2 5 1 601 2117 2239
4295 2 2 5 1 328 2269 2270
4296 2 2 5 1 2217 1990 2255
4297 2 2 5 1 246 2244 2250
4298 2 2 5 1 1311 2159 2234
4299 2 2 5 1 2246 1168 2247
4300 2 2 5 1 634 2237 2252
4301 2 2 5 1 2237 1316 2252
4302 2 2 5 1 2247 924 2248
4303 2 2 5 1 1168 924 2247
4304 2 2 5 1 1405 2217 2255
4305 2 2 5 1 924 866 2248
4306 2 2 5 1 1374 1372 2272
4307 2 2 5 1 151 244 2268
4308 2 2 5 1 1261 1260 2249
4309 2 2 5 1 1970 246 2250
4310 2 2 5 1 329 2224 2233
4311 2 2 5 1 2117 1168 2246
4312 2 2 5 1 2265 1461 2266
4313 2 2 5 1 328 149 2269
4314 2 2 5 1 2272 1372 2276
4315 2 2 5 1 2271 1374 2272
4316 2 2 5 1 1970 2250 2251
4317 2 2 5 1 1372 1368 2276
4318 2 2 5 1 245 2205 2263
4319 2 2 5 1 1434 1438 2270
4320 2 2 5 1 324 1970 2251
4321 2 2 5 1 1873 634 2252
4322 2 2 5 1 1368 1366 2278
4323 2 2 5 1 2276 1368 2278
4324 2 2 5 1 2259 1427 2261
4325 2 2 5 1 1363 1364 2253
4326 2 2 5 1 158 159 2254
4327 2 2 5 1 2229 1437 2268
4328 2 2 5 1 1990 462 2255
4329 2 2 5 1 2255 462 2256
4330 2 2 5 1 462 2041 2256
4331 2 2 5 1 158 2254 2259
4332 2 2 5 1 1082 1084 2273
4333 2 2 5 1 2257 652 2258
4334 2 2 5 1 2256 2041 2257
4335 2 2 5 1 2041 652 2257
4336 2 2 5 1 1184 1264 2274
4337 2 2 5 1 1070 1072 2275
4338 2 2 5 1 157 158 2259
4339 2 2 5 1 652 2062 2258
4340 2 2 5 1 2270 1438 2271
4341 2 2 5 1 1212 2028 2277
4342 2 2 5 1 2279 1364 2280
4343 2 2 5 1 2062 1166 2260
4344 2 2 5 1 2258 2062 2260
4345 2 2 5 1 244 2229 2268
4346 2 2 5 1 1427 1423 2261
4347 2 2 5 1 144 326 2279
4348 2 2 5 1 242 2280 2281
4349 2 2 5 1 1356 1357 2262
4350 2 2 5 1 242 142 2280
4351 2 2 5 1 1361 1359 2281
4352 2 2 5 1 2264 1465 2265
4353 2 2 5 1 141 242 2282
4354 2 2 5 1 2282 1357 2283
4355 2 2 5 1 155 156 2263
4356 2 2 5 1 155 2263 2264
4357 2 2 5 1 325 139 2283
4358 2 2 5 1 154 155 2264
4359 2 2 5 1 325 2283 2284
4360 2 2 5 1 1354 1352 2284
4361 2 2 5 1 1352 1350 2285
4362 2 2 5 1 1465 1463 2265
4363 2 2 5 1 1350 1348 2286
4364 2 2 5 1 2285 1350 2286
4365 2 2 5 1 2284 1352 2285
4366 2 2 5 1 2286 1348 2287
4367 2 2 5 1 1348 1346 2287
4368 2 2 5 1 1981 327 2266
4369 2 2 5 1 1981 2266 2267
4370 2 2 5 1 280 2274 2290
4371 2 2 5 1 1346 1218 2288
4372 2 2 5 1 244 1981 2267
4373 2 2 5 1 2253 1364 2279
4374 2 2 5 1 327 2265 2266
4375 2 2 5 1 2287 1346 2288
4376 2 2 5 1 2269 1437 2270
4377 2 2 5 1 150 151 2268
4378 2 2 5 1 2288 1218 2289
4379 2 2 5 1 326 2253 2279
4380 2 2 5 1 150 2268 2269
4381 2 2 5 1 1218 1216 2289
4382 2 2 5 1 149 150 2269
4383 2 2 5 1 2289 1216 2291
4384 2 2 5 1 1437 1434 2270
4385 2 2 5 1 1408 272 2292
4386 2 2 5 1 299 1408 2293
4387 2 2 5 1 2262 1357 2282
4388 2 2 5 1 1978 328 2271
4389 2 2 5 1 1216 1217 2291
4390 2 2 5 1 242 2262 2282
4391 2 2 5 1 299 2293 2294
4392 2 2 5 1 1440 299 2294
4393 2 2 5 1 328 2270 2271
4394 2 2 5 1 1978 2271 2272
4395 2 2 5 1 1440 2294 2295
4396 2 2 5 1 280 1440 2295
4397 2 2 5 1 243 1978 2272
4398 2 2 5 1 1157 1082 2273
4399 2 2 5 1 243 2272 2276
4400 2 2 5 1 2068 1184 2274
4401 2 2 5 1 1300 1070 2275
4402 2 2 5 1 1974 243 2276
4403 2 2 5 1 1301 1212 2277
4404 2 2 5 1 127 128 2290
4405 2 2 5 1 1974 2276 2278
4406 2 2 5 1 2296 1264 2297
4407 2 2 5 1 326 1974 2278
4408 2 2 5 1 126 127 2296
4409 2 2 5 1 1264 1183 2297
4410 2 2 5 1 290 2297 2298
4411 2 2 5 1 143 144 2279
4412 2 2 5 1 1584 290 2298
4413 2 2 5 1 143 2279 2280
4414 2 2 5 1 2280 1364 2281
4415 2 2 5 1 142 143 2280
4416 2 2 5 1 1584 2298 2299
4417 2 2 5 1 334 1584 2299
4418 2 2 5 1 1364 1361 2281
4419 2 2 5 1 140 141 2282
4420 2 2 5 1 1217 1304 2292
4421 2 2 5 1 140 2282 2283
4422 2 2 5 1 139 140 2283
4423 2 2 5 1 2283 1357 2284
4424 2 2 5 1 1357 1354 2284
4425 2 2 5 1 1969 325 2285
4426 2 2 5 1 325 2284 2285
4427 2 2 5 1 1969 2285 2286
4428 2 2 5 1 241 1969 2286
4429 2 2 5 1 241 2286 2287
4430 2 2 5 1 2290 1264 2296
4431 2 2 5 1 1946 241 2287
4432 2 2 5 1 1946 2287 2288
4433 2 2 5 1 298 1946 2288
4434 2 2 5 1 2292 1304 2293
4435 2 2 5 1 298 2288 2289
4436 2 2 5 1 1386 298 2289
4437 2 2 5 1 2068 2274 2295
4438 2 2 5 1 2274 280 2295
4439 2 2 5 1 1386 2289 2291
4440 2 2 5 1 272 1386 2291
4441 2 2 5 1 2274 1264 2290
4442 2 2 5 1 1304 1262 2293
4443 2 2 5 1 2293 1262 2294
4444 2 2 5 1 1262 1263 2294
4445 2 2 5 1 2294 1263 2295
4446 2 2 5 1 1263 2068 2295
4447 2 2 5 1 290 2296 2297
4448 2 2 5 1 290 126 2296
4449 2 2 5 1 1183 1185 2297
4450 2 2 5 1 2297 1185 2298
4451 2 2 5 1 1185 1187 2298
4452 2 2 5 1 2298 1187 2299
4453 2 2 5 1 1187 1293 2299
4454 2 2 5 1 2299 1293 2300
4455 2 2 5 1 334 2299 2300
4456 2 2 5 1 1039 1041 2301
4457 2 2 5 1 1523 1296 2398
4458 2 2 5 1 1342 1985 2399
4459 2 2 5 1 1041 1283 2301
4460 2 2 5 1 2392 1016 2394
4461 2 2 5 1 1407 2402 2436
4462 2 2 5 1 114 115 2302
4463 2 2 5 1 102 332 2303
4464 2 2 5 1 288 101 2303
4465 2 2 5 1 1268 1024 2304
4466 2 2 5 1 1022 1027 2304
4467 2 2 5 1 1714 1715 2305
4468 2 2 5 1 1854 1853 2305
4469 2 2 5 1 937 1198 2306
4470 2 2 5 1 1027 1020 2306
4471 2 2 5 1 97 278 2307
4472 2 2 5 1 305 96 2307
4473 2 2 5 1 1199 1997 2308
4474 2 2 5 1 938 827 2309
4475 2 2 5 1 1806 1941 2311
4476 2 2 5 1 870 926 2310
4477 2 2 5 1 1802 1805 2314
4478 2 2 5 1 1739 1738 2311
4479 2 2 5 1 926 872 2312
4480 2 2 5 1 1745 1285 2355
4481 2 2 5 1 876 927 2313
4482 2 2 5 1 1800 1799 2314
4483 2 2 5 1 927 878 2315
4484 2 2 5 1 880 939 2315
4485 2 2 5 1 1798 1800 2316
4486 2 2 5 1 1794 1792 2316
4487 2 2 5 1 939 882 2317
4488 2 2 5 1 1822 1820 2319
4489 2 2 5 1 886 928 2318
4490 2 2 5 1 1796 1795 2319
4491 2 2 5 1 1821 1822 2321
4492 2 2 5 1 1725 1723 2321
4493 2 2 5 1 928 888 2320
4494 2 2 5 1 890 940 2320
4495 2 2 5 1 940 892 2322
4496 2 2 5 1 1885 1886 2324
4497 2 2 5 1 1727 1726 2324
4498 2 2 5 1 896 929 2323
4499 2 2 5 1 929 898 2325
4500 2 2 5 1 1881 1884 2327
4501 2 2 5 1 902 930 2326
4502 2 2 5 1 1785 1784 2327
4503 2 2 5 1 1783 1785 2329
4504 2 2 5 1 1781 1780 2329
4505 2 2 5 1 930 904 2328
4506 2 2 5 1 906 941 2328
4507 2 2 5 1 941 908 2330
4508 2 2 5 1 910 942 2330
4509 2 2 5 1 1778 1776 2331
4510 2 2 5 1 1779 1781 2331
4511 2 2 5 1 1788 1787 2333
4512 2 2 5 1 942 912 2332
4513 2 2 5 1 925 1261 2332
4514 2 2 5 1 1777 1778 2334
4515 2 2 5 1 303 66 2335
4516 2 2 5 1 67 260 2335
4517 2 2 5 1 2022 862 2336
4518 2 2 5 1 859 931 2336
4519 2 2 5 1 1896 1894 2337
4520 2 2 5 1 1891 1892 2337
4521 2 2 5 1 931 857 2338
4522 2 2 5 1 852 932 2339
4523 2 2 5 1 1898 1897 2340
4524 2 2 5 1 1376 1375 2345
4525 2 2 5 1 258 58 2341
4526 2 2 5 1 59 306 2341
4527 2 2 5 1 1384 1385 2343
4528 2 2 5 1 1055 1195 2342
4529 2 2 5 1 1193 946 2342
4530 2 2 5 1 2025 1377 2346
4531 2 2 5 1 51 314 2347
4532 2 2 5 1 255 49 2348
4533 2 2 5 1 1410 1411 2349
4534 2 2 5 1 1272 1188 2349
4535 2 2 5 1 48 255 2350
4536 2 2 5 1 318 46 2351
4537 2 2 5 1 1306 1313 2352
4538 2 2 5 1 1412 1915 2352
4539 2 2 5 1 254 44 2353
4540 2 2 5 1 45 318 2353
4541 2 2 5 1 43 254 2354
4542 2 2 5 1 1681 1680 2359
4543 2 2 5 1 317 41 2356
4544 2 2 5 1 1273 1189 2357
4545 2 2 5 1 1250 1521 2357
4546 2 2 5 1 1521 1520 2359
4547 2 2 5 1 253 39 2358
4548 2 2 5 1 40 317 2358
4549 2 2 5 1 38 253 2360
4550 2 2 5 1 320 36 2361
4551 2 2 5 1 1679 1675 2362
4552 2 2 5 1 1673 1676 2362
4553 2 2 5 1 35 320 2363
4554 2 2 5 1 252 34 2363
4555 2 2 5 1 1663 1664 2364
4556 2 2 5 1 1676 1672 2364
4557 2 2 5 1 33 252 2365
4558 2 2 5 1 319 32 2365
4559 2 2 5 1 1662 1667 2366
4560 2 2 5 1 1664 1661 2366
4561 2 2 5 1 1619 1618 2369
4562 2 2 5 1 1668 1669 2369
4563 2 2 5 1 31 319 2367
4564 2 2 5 1 251 29 2368
4565 2 2 5 1 28 251 2370
4566 2 2 5 1 316 26 2371
4567 2 2 5 1 1617 1613 2372
4568 2 2 5 1 1611 1614 2372
4569 2 2 5 1 25 316 2373
4570 2 2 5 1 250 24 2373
4571 2 2 5 1 1600 1716 2374
4572 2 2 5 1 1614 1610 2374
4573 2 2 5 1 1313 1312 2355
4574 2 2 5 1 23 250 2375
4575 2 2 5 1 322 21 2376
4576 2 2 5 1 1603 1607 2377
4577 2 2 5 1 1604 1601 2377
4578 2 2 5 1 1625 1626 2379
4579 2 2 5 1 1607 1606 2379
4580 2 2 5 1 249 19 2378
4581 2 2 5 1 20 322 2378
4582 2 2 5 1 1750 1751 2383
4583 2 2 5 1 315 17 2380
4584 2 2 5 1 18 249 2380
4585 2 2 5 1 1626 1623 2381
4586 2 2 5 1 1624 1733 2381
4587 2 2 5 1 274 15 2382
4588 2 2 5 1 16 315 2382
4589 2 2 5 1 1733 1732 2383
4590 2 2 5 1 313 13 2384
4591 2 2 5 1 14 274 2384
4592 2 2 5 1 1243 1278 2385
4593 2 2 5 1 1751 1383 2385
4594 2 2 5 1 12 313 2386
4595 2 2 5 1 279 11 2386
4596 2 2 5 1 1239 1279 2387
4597 2 2 5 1 1278 1241 2387
4598 2 2 5 1 10 279 2388
4599 2 2 5 1 1266 1280 2390
4600 2 2 5 1 293 8 2389
4601 2 2 5 1 1284 1928 2390
4602 2 2 5 1 7 293 2391
4603 2 2 5 1 1289 991 2392
4604 2 2 5 1 952 1016 2392
4605 2 2 5 1 1274 1268 2430
4606 2 2 5 1 278 1854 2432
4607 2 2 5 1 1275 1199 2431
4608 2 2 5 1 1276 1202 2428
4609 2 2 5 1 2428 1202 2429
4610 2 2 5 1 1202 2022 2429
4611 2 2 5 1 306 1901 2433
4612 2 2 5 1 1277 1193 2427
4613 2 2 5 1 1901 2423 2433
4614 2 2 5 1 2402 1270 2436
4615 2 2 5 1 1291 2392 2394
4616 2 2 5 1 5 6 2395
4617 2 2 5 1 276 114 2302
4618 2 2 5 1 101 102 2303
4619 2 2 5 1 1024 1022 2304
4620 2 2 5 1 1853 1714 2305
4621 2 2 5 1 1020 937 2306
4622 2 2 5 1 96 97 2307
4623 2 2 5 1 1997 938 2308
4624 2 2 5 1 827 868 2309
4625 2 2 5 1 2309 868 2310
4626 2 2 5 1 868 870 2310
4627 2 2 5 1 1941 1739 2311
4628 2 2 5 1 872 874 2312
4629 2 2 5 1 2312 874 2313
4630 2 2 5 1 874 876 2313
4631 2 2 5 1 1799 1802 2314
4632 2 2 5 1 878 880 2315
4633 2 2 5 1 1792 1798 2316
4634 2 2 5 1 882 884 2317
4635 2 2 5 1 2317 884 2318
4636 2 2 5 1 884 886 2318
4637 2 2 5 1 1820 1796 2319
4638 2 2 5 1 888 890 2320
4639 2 2 5 1 1723 1821 2321
4640 2 2 5 1 892 894 2322
4641 2 2 5 1 2322 894 2323
4642 2 2 5 1 894 896 2323
4643 2 2 5 1 1886 1727 2324
4644 2 2 5 1 898 900 2325
4645 2 2 5 1 2325 900 2326
4646 2 2 5 1 900 902 2326
4647 2 2 5 1 1784 1881 2327
4648 2 2 5 1 904 906 2328
4649 2 2 5 1 1780 1783 2329
4650 2 2 5 1 908 910 2330
4651 2 2 5 1 1776 1779 2331
4652 2 2 5 1 912 925 2332
4653 2 2 5 1 260 1788 2333
4654 2 2 5 1 1787 1777 2334
4655 2 2 5 1 66 67 2335
4656 2 2 5 1 862 859 2336
4657 2 2 5 1 1894 1891 2337
4658 2 2 5 1 857 854 2338
4659 2 2 5 1 2338 854 2339
4660 2 2 5 1 854 852 2339
4661 2 2 5 1 1901 1898 2340
4662 2 2 5 1 58 59 2341
4663 2 2 5 1 296 1384 2343
4664 2 2 5 1 946 1055 2342
4665 2 2 5 1 296 2343 2345
4666 2 2 5 1 1377 1376 2344
4667 2 2 5 1 1375 296 2345
4668 2 2 5 1 314 2025 2346
4669 2 2 5 1 50 51 2347
4670 2 2 5 1 50 2347 2348
4671 2 2 5 1 49 50 2348
4672 2 2 5 1 1188 1410 2349
4673 2 2 5 1 47 48 2350
4674 2 2 5 1 47 2350 2351
4675 2 2 5 1 46 47 2351
4676 2 2 5 1 1915 1306 2352
4677 2 2 5 1 44 45 2353
4678 2 2 5 1 42 43 2354
4679 2 2 5 1 42 2354 2356
4680 2 2 5 1 1312 1745 2355
4681 2 2 5 1 41 42 2356
4682 2 2 5 1 1189 1250 2357
4683 2 2 5 1 1520 1681 2359
4684 2 2 5 1 39 40 2358
4685 2 2 5 1 37 38 2360
4686 2 2 5 1 37 2360 2361
4687 2 2 5 1 36 37 2361
4688 2 2 5 1 1675 1673 2362
4689 2 2 5 1 34 35 2363
4690 2 2 5 1 1672 1663 2364
4691 2 2 5 1 32 33 2365
4692 2 2 5 1 1661 1662 2366
4693 2 2 5 1 1669 1619 2369
4694 2 2 5 1 30 31 2367
4695 2 2 5 1 30 2367 2368
4696 2 2 5 1 29 30 2368
4697 2 2 5 1 27 28 2370
4698 2 2 5 1 27 2370 2371
4699 2 2 5 1 26 27 2371
4700 2 2 5 1 1613 1611 2372
4701 2 2 5 1 24 25 2373
4702 2 2 5 1 1610 1600 2374
4703 2 2 5 1 22 23 2375
4704 2 2 5 1 22 2375 2376
4705 2 2 5 1 21 22 2376
4706 2 2 5 1 1601 1603 2377
4707 2 2 5 1 1606 1625 2379
4708 2 2 5 1 19 20 2378
4709 2 2 5 1 17 18 2380
4710 2 2 5 1 1623 1624 2381
4711 2 2 5 1 1732 1750 2383
4712 2 2 5 1 15 16 2382
4713 2 2 5 1 13 14 2384
4714 2 2 5 1 1383 1243 2385
4715 2 2 5 1 11 12 2386
4716 2 2 5 1 1241 1239 2387
4717 2 2 5 1 9 10 2388
4718 2 2 5 1 9 2388 2389
4719 2 2 5 1 8 9 2389
4720 2 2 5 1 1928 1266 2390
4721 2 2 5 1 6 7 2391
4722 2 2 5 1 991 952 2392
4723 2 2 5 1 2308 938 2420
4724 2 2 5 1 1787 2334 2421
4725 2 2 5 1 260 2333 2422
4726 2 2 5 1 1901 2340 2423
4727 2 2 5 1 1377 2344 2424
4728 2 2 5 1 314 2346 2425
4729 2 2 5 1 2344 1376 2419
4730 2 2 5 1 321 1291 2401
4731 2 2 5 1 1271 1274 2393
4732 2 2 5 1 2398 2301 2434
4733 2 2 5 1 2302 115 2403
4734 2 2 5 1 291 1294 2414
4735 2 2 5 1 1340 294 2415
4736 2 2 5 1 1016 1343 2394
4737 2 2 5 1 275 1332 2404
4738 2 2 5 1 330 1389 2405
4739 2 2 5 1 333 2395 2402
4740 2 2 5 1 105 1992 2400
4741 2 2 5 1 229 321 2401
4742 2 2 5 1 282 228 2401
4743 2 2 5 1 1283 2302 2403
4744 2 2 5 1 116 283 2403
4745 2 2 5 1 1809 1288 2406
4746 2 2 5 1 1556 2015 2407
4747 2 2 5 1 258 2341 2427
4748 2 2 5 1 303 2335 2428
4749 2 2 5 1 305 2307 2431
4750 2 2 5 1 288 2303 2430
4751 2 2 5 1 2306 1198 2432
4752 2 2 5 1 1211 1207 2404
4753 2 2 5 1 1269 1331 2405
4754 2 2 5 1 284 235 2406
4755 2 2 5 1 236 1809 2406
4756 2 2 5 1 109 281 2407
4757 2 2 5 1 2015 108 2407
4758 2 2 5 1 291 120 2408
4759 2 2 5 1 224 294 2409
4760 2 2 5 1 231 275 2410
4761 2 2 5 1 321 230 2410
4762 2 2 5 1 6 2391 2395
4763 2 2 5 1 283 2398 2434
4764 2 2 5 1 1270 1265 2411
4765 2 2 5 1 1267 1271 2412
4766 2 2 5 1 1282 1790 2413
4767 2 2 5 1 1523 118 2414
4768 2 2 5 1 119 291 2414
4769 2 2 5 1 294 225 2415
4770 2 2 5 1 226 1985 2415
4771 2 2 5 1 1297 2301 2398
4772 2 2 5 1 2341 1277 2427
4773 2 2 5 1 2335 1276 2428
4774 2 2 5 1 2307 1275 2431
4775 2 2 5 1 2303 1274 2430
4776 2 2 5 1 1854 2306 2432
4777 2 2 5 1 221 4 2416
4778 2 2 5 1 4 222 2416
4779 2 2 5 1 240 1 2417
4780 2 2 5 1 1 5 2417
4781 2 2 5 1 122 3 2418
4782 2 2 5 1 3 123 2418
4783 2 2 5 1 1336 331 2416
4784 2 2 5 1 334 2300 2418
4785 2 2 5 1 2055 1052 2419
4786 2 2 5 1 1735 1740 2420
4787 2 2 5 1 1201 1200 2422
4788 2 2 5 1 932 1994 2423
4789 2 2 5 1 1197 1943 2425
4790 2 2 5 1 1052 977 2424
4791 2 2 5 1 1261 2249 2421
4792 2 2 5 1 1407 333 2402
4793 2 2 5 1 1331 1221 2397
4794 2 2 5 1 2034 1211 2396
4795 2 2 5 1 1992 2393 2400
4796 2 2 5 1 2393 332 2400
4797 2 2 5 1 103 2 2426
4798 2 2 5 1 2 104 2426
4799 2 2 5 1 1287 2034 2396
4800 2 2 5 1 1221 1557 2397
4801 2 2 5 1 1740 2308 2420
4802 2 2 5 1 1052 2344 2419
4803 2 2 5 1 2333 1201 2422
4804 2 2 5 1 2340 932 2423
4805 2 2 5 1 2344 1052 2424
4806 2 2 5 1 2346 1197 2425
4807 2 2 5 1 2334 1261 2421
4808 2 2 5 1 2394 1343 2399
4809 2 2 5 1 2394 2399 2435
4810 2 2 5 1 1985 282 2399
4811 2 2 5 1 283 1523 2398
4812 2 2 5 1 1333 284 2396
4813 2 2 5 1 281 1939 2397
4814 2 2 5 1 1343 1342 2399
4815 2 2 5 1 1296 1297 2398
4816 2 2 5 1 104 105 2400
4817 2 2 5 1 121 2300 2408
4818 2 2 5 1 1336 223 2409
4819 2 2 5 1 228 229 2401
4820 2 2 5 1 1280 1270 2402
4821 2 2 5 1 2399 282 2435
4822 2 2 5 1 115 116 2403
4823 2 2 5 1 1207 1925 2404
4824 2 2 5 1 1281 1269 2405
4825 2 2 5 1 235 236 2406
4826 2 2 5 1 108 109 2407
4827 2 2 5 1 1337 1336 2409
4828 2 2 5 1 120 121 2408
4829 2 2 5 1 2300 1293 2408
4830 2 2 5 1 223 224 2409
4831 2 2 5 1 230 231 2410
4832 2 2 5 1 1265 2009 2411
4833 2 2 5 1 1555 1267 2412
4834 2 2 5 1 1790 1281 2413
4835 2 2 5 1 118 119 2414
4836 2 2 5 1 225 226 2415
4837 2 2 5 1 5 2395 2417
4838 2 2 5 1 2412 1271 2437
4839 2 2 5 1 1270 2411 2436
4840 2 2 5 1 2400 332 2426
4841 2 2 5 1 332 103 2426
4842 2 2 5 1 331 221 2416
4843 2 2 5 1 333 240 2417
4844 2 2 5 1 123 334 2418
4845 2 2 5 1 282 2401 2435
4846 2 2 5 1 1196 2055 2419
4847 2 2 5 1 1737 1735 2420
4848 2 2 5 1 1200 1276 2422
4849 2 2 5 1 1994 1194 2423
4850 2 2 5 1 2249 1201 2421
4851 2 2 5 1 977 1197 2424
4852 2 2 5 1 1943 1286 2425
4853 2 2 5 1 2403 283 2434
4854 2 2 5 1 2423 1194 2433
4855 2 2 5 1 1385 258 2427
4856 2 2 5 1 1890 303 2428
4857 2 2 5 1 1890 2428 2429
4858 2 2 5 1 1892 1890 2429
4859 2 2 5 1 1715 288 2430
4860 2 2 5 1 1740 305 2431
4861 2 2 5 1 1198 1275 2432
4862 2 2 5 1 1194 1277 2433
4863 2 2 5 1 2301 1283 2434
4864 2 2 5 1 289 1407 2436
4865 2 2 5 1 1992 292 2437
4866 2 2 5 1 2395 333 2417
4867 2 2 5 1 1291 2394 2435
4868 2 2 5 1 104 2400 2426
4869 2 2 5 1 2401 1291 2435
4870 2 2 5 1 1283 2403 2434
4871 2 2 5 1 292 2412 2437
4872 2 2 5 1 2411 289 2436
$EndElements
